x,y
116.545541,39.760626
113.353270,23.151973
104.100253,26.220934
121.569551,31.114560
121.492465,31.286000
119.033030,33.604092
121.428243,31.229455
118.312373,32.304662
110.255812,20.014520
114.210543,30.561761
112.997012,28.208926
114.236637,22.710246
119.275014,26.076494
121.426965,31.183271
113.939902,22.522853
120.746794,31.265272
106.570565,29.572020
116.997127,36.661131
110.213540,25.249082
116.998414,39.753771
114.289313,30.582030
107.025781,33.075489
111.997435,21.868621
118.830072,32.020014
117.187543,39.136574
119.261513,25.955382
113.365535,40.046573
103.862877,30.685580
109.512053,18.277852
113.309818,33.739999
113.110348,23.040036
117.201846,39.185959
118.573152,24.820442
120.308474,31.590623
121.578492,38.938221
118.476101,24.931725
112.583283,37.824704
120.012653,30.241063
115.465006,35.234502
118.131470,24.506814
121.501624,31.238655
114.284052,23.164677
120.436212,30.238581
120.386582,36.289333
110.375452,20.017275
121.381093,31.243942
113.111991,23.031221
111.516566,36.085452
120.519715,31.261716
121.458882,30.914581
117.492824,38.984043
113.269348,22.776221
118.782653,32.069051
114.726688,23.747166
113.340002,40.063372
110.350251,19.999871
115.984075,39.702843
117.154553,31.712883
118.588636,24.904277
121.382981,31.245790
122.262314,43.614403
119.768482,49.210381
121.455801,31.041032
114.086071,22.543296
104.055405,30.638862
113.257393,23.133014
118.776737,32.110748
119.335404,26.062664
116.752309,36.552809
113.614269,23.123814
113.339704,23.135302
114.338090,29.828261
122.133685,40.272553
117.745920,24.621198
113.254002,22.838156
108.873383,34.237722
114.114582,22.542264
113.208301,23.094794
121.601146,38.907331
108.292717,22.818319
104.103945,30.712864
117.303393,39.152476
111.318429,23.471841
123.397485,41.793132
121.452483,31.298747
121.203429,31.412678
116.189732,39.906556
121.491521,31.173782
113.590019,23.531334
118.899933,31.911793
117.204704,34.264321
113.908685,22.559617
114.118333,22.544605
117.937534,24.565598
116.371621,39.955451
117.676280,36.205553
120.617731,31.137861
119.949471,31.765093
104.267432,30.568664
121.622300,31.257123
120.995203,28.057103
120.522342,36.859934
113.447825,23.104534
120.786904,31.598073
113.890294,22.670700
118.160594,24.475031
113.322039,23.181507
113.533466,23.090208
120.127030,33.359544
120.180922,35.968482
121.508961,31.296641
121.459363,31.250516
114.420254,22.625270
113.037841,22.519224
121.487754,31.394381
113.890871,22.782382
113.941904,22.535149
113.017011,23.711606
118.191860,24.475421
118.782397,32.050340
117.167804,39.156642
111.617192,21.764040
113.271501,23.135274
118.883145,32.091891
113.273419,23.096210
112.952490,28.195310
121.339300,30.712894
121.482033,31.290722
114.347762,30.588642
118.738492,36.873204
121.484044,31.237254
121.529382,31.279103
117.497445,38.729229
114.554823,38.014134
116.384820,39.968000
123.416840,41.868792
119.916735,32.495371
121.579632,31.255525
117.068356,35.554864
113.928563,22.929381
118.113033,24.494772
113.818752,23.283953
118.595082,24.567241
121.564624,31.174434
104.771061,31.466285
110.466865,19.240402
118.988329,32.120584
118.763376,34.095958
118.115613,24.432324
118.217733,33.458894
103.667818,36.484196
120.165049,35.931263
113.229969,22.685589
114.225354,30.657665
119.066963,33.591046
113.160072,23.069553
114.136961,22.613462
110.314655,19.996972
119.499662,25.956084
104.250720,23.368107
106.440495,29.828544
113.395095,23.060293
118.750525,32.018903
125.155049,42.936013
123.396634,41.729373
115.869149,28.702909
114.125272,22.573166
117.164739,39.077802
121.412284,29.664584
114.041865,22.601408
118.366556,31.315272
126.240205,45.621309
120.610333,31.331623
118.844461,32.339681
116.399462,39.853390
120.040894,30.292021
113.238574,23.125324
120.611270,31.329389
106.515181,29.533843
114.492916,24.369187
109.520923,18.222056
113.773379,23.033564
102.723291,25.016089
116.339715,39.732332
116.599822,39.901624
114.714830,22.974273
123.904384,41.863534
108.869313,34.171644
121.493021,31.299332
116.414250,39.918870
113.328343,23.161121
108.379314,30.806983
121.586114,31.312713
116.503181,39.989152
117.366508,25.941833
119.258161,26.062212
115.501018,35.274241
111.781082,37.138901
116.334800,40.057773
101.726115,26.508314
112.536011,32.997254
117.379359,34.363972
116.727584,39.525921
116.565674,39.798994
120.073090,29.301634
120.623749,31.353305
121.372903,31.217235
116.340393,39.913893
113.269540,23.085650
113.233538,23.078649
110.340972,20.039774
113.943299,22.760543
120.153763,30.260227
113.268468,23.123695
118.565256,24.940473
121.779923,39.047431
117.179614,39.114353
114.255151,30.617799
117.289553,31.798059
116.352973,39.990222
116.977894,36.652170
104.042764,30.516684
121.633876,38.917682
121.265121,38.810553
121.292924,31.211612
113.602550,24.829825
106.495094,29.582883
121.361253,28.392054
113.364443,23.141002
113.260005,23.195332
118.419117,24.696744
114.041800,22.693533
116.515954,39.921036
110.287872,20.012554
119.024164,33.587331
108.932783,34.340270
106.566394,29.528711
116.698974,39.504064
121.225873,31.231503
123.390262,41.828209
121.275452,31.108593
119.592071,31.730466
118.999900,32.677944
119.631474,29.061673
113.126432,23.108003
113.204904,23.177410
121.588725,31.071810
126.676148,45.782551
116.459915,39.865540
121.385944,37.547580
123.403373,41.793572
113.117931,23.032826
103.500301,29.594745
121.245457,31.392773
120.347372,30.306620
112.979390,28.254497
119.515095,25.957991
114.166237,22.838931
121.420645,29.656354
113.856751,34.031141
113.211297,22.863606
113.952185,22.542561
119.972663,31.813694
114.274160,30.582001
118.137643,24.609561
113.999504,22.589003
119.269251,26.033744
116.948901,33.652841
116.363723,39.867854
119.958951,30.051812
121.554400,38.919883
113.325329,23.198333
120.809944,27.932167
113.313678,23.100728
100.234765,26.875771
114.560153,38.152178
117.308241,39.088953
120.103401,29.327864
119.037831,25.445896
120.784833,30.747441
103.621659,36.096754
104.014940,30.662922
117.028734,36.664642
112.551580,37.850434
105.445271,28.898222
113.060793,22.603705
114.519181,36.601859
121.780402,39.048195
120.269032,31.452086
121.393720,31.197010
117.069716,36.163996
113.324297,23.119018
116.755534,23.444964
113.388192,23.005215
113.923383,22.543443
116.020648,28.673872
121.136105,31.030275
115.513028,38.823285
116.475229,23.233262
120.851015,31.112073
114.115152,22.606804
115.600710,38.863811
116.088467,43.940297
115.913010,39.049442
113.553370,22.224154
118.791966,25.025486
113.176181,22.095854
114.515933,22.750563
115.898271,28.674620
120.294980,31.588332
119.785138,36.515149
113.300218,40.088494
113.210243,23.382773
110.296662,25.275890
115.892103,28.675553
121.557903,31.226167
117.206385,39.134956
113.309344,22.820475
120.266692,31.562422
114.139770,22.548250
113.403978,23.121393
121.190401,37.567274
106.920604,27.675053
113.348325,23.104623
110.346711,20.015811
112.541591,37.889732
120.188711,30.195812
121.541734,31.042691
123.058328,41.106661
121.315966,31.146826
113.923960,22.641778
125.119255,46.585138
113.820124,22.669452
121.477643,31.224751
102.708961,25.007975
120.162981,30.276701
114.234706,22.701611
113.836057,23.275496
116.472896,39.943905
101.992364,23.598392
113.751790,23.020675
113.945869,22.560620
120.644854,28.009852
113.318104,23.153331
121.191342,31.271982
118.093084,24.471122
112.985712,28.202213
121.468221,31.264030
110.283322,21.600926
114.476548,22.765914
116.894510,31.920375
114.693893,23.738452
104.069720,30.655218
100.803691,22.005118
116.323373,39.967795
113.052919,23.056899
113.125340,23.216883
113.454623,30.362650
113.206833,22.840722
120.403773,36.067543
114.526231,36.607569
121.469094,31.238610
113.216820,22.906023
117.205794,39.117704
114.124813,22.558242
116.808298,26.175572
116.731063,23.384713
114.267104,30.432373
117.342061,39.029339
123.399333,41.788687
117.217633,39.113373
113.682511,34.754041
118.560783,24.908624
101.731126,26.573886
113.387223,23.017439
112.942838,28.178879
115.659687,34.391291
113.624750,34.753813
103.802254,25.494433
114.223007,22.689200
121.581214,31.250322
113.235713,23.125414
113.273472,23.102488
119.850892,31.363844
112.327576,22.185473
114.207396,22.697468
115.332932,22.950650
116.317558,39.924202
116.260971,39.918006
117.167956,39.176189
120.439407,31.542804
104.097182,30.688624
112.911093,27.865652
116.360395,27.986942
116.233841,40.219072
113.321893,23.126153
121.141113,28.855651
113.378844,23.096244
116.858784,40.372261
120.313613,36.063523
121.437424,31.239812
120.369044,30.303696
104.044901,30.701731
102.629850,37.909866
116.749632,23.366944
123.429645,41.824224
121.238079,31.360508
118.027264,24.471733
121.614258,31.253872
110.460971,19.939023
108.323491,22.815351
119.979162,31.842189
113.372944,23.053313
117.390755,39.159214
121.516464,31.274294
108.911921,34.157762
120.251453,30.182422
121.572428,29.884486
120.384761,36.065603
117.978582,34.328696
117.024104,36.664702
121.424741,31.412772
123.762030,41.290182
111.190249,34.784330
121.558562,31.202603
112.179043,23.909990
116.990424,36.669474
120.792844,30.738081
116.336083,40.080373
116.372141,39.946132
113.288577,22.717565
113.380381,23.169433
113.330362,23.028323
114.020505,22.536166
111.057678,21.628404
118.594554,24.912099
113.938570,22.517043
106.605764,23.877356
119.306895,26.095664
115.173761,23.636383
114.957337,25.841726
113.058574,23.661749
113.331167,22.969178
118.180146,39.626101
121.421411,31.239694
121.440324,31.242113
113.278661,23.085774
113.285301,23.136372
120.642849,31.417794
116.347652,40.066594
116.576463,39.957899
117.837663,36.498364
120.446580,36.109645
118.114617,24.701594
113.925386,22.527528
113.919906,22.534748
126.759189,45.718044
113.366493,22.942863
113.213030,23.076119
121.296880,31.024874
116.296452,37.451174
119.342505,26.052463
117.185092,34.264244
123.499168,41.747478
116.597299,39.911297
120.746674,31.629713
122.027740,46.086963
120.677141,28.009803
120.565240,27.602423
123.379976,41.813572
122.005130,39.087303
113.324649,23.126702
108.946803,34.261591
120.163864,30.247223
120.207190,33.375324
113.568531,24.795612
113.309158,23.038519
118.032426,24.481699
116.323794,39.956140
113.854513,22.576081
113.367501,22.521944
113.852925,22.905645
118.355500,35.107161
118.244783,24.660993
113.139852,23.042582
123.442504,41.818152
113.231960,23.397208
103.962277,30.761403
113.920701,22.956592
120.308044,31.566852
110.351691,20.031664
109.527651,18.274441
119.349932,25.716149
117.222902,39.138242
121.424072,31.393226
120.173850,29.343407
113.367543,23.194275
116.384541,39.883953
113.762330,23.011373
119.286458,26.062195
116.162725,39.807395
113.834102,22.641778
119.260650,26.039461
126.619448,45.772470
113.298214,22.211703
113.482021,23.191250
114.060018,22.569026
120.152090,33.402402
106.462466,29.559213
113.202077,23.140743
119.688434,30.630590
114.984601,27.113672
120.187870,30.235263
113.189172,23.108604
120.501080,31.315692
118.320381,33.941805
120.252614,30.427772
118.799232,32.095612
103.973323,30.675873
108.369425,22.831151
116.488374,39.890393
121.560420,31.247532
118.343972,35.056742
113.414188,24.183422
120.756184,31.315500
121.598832,31.275494
117.702574,39.086051
120.536931,30.064802
116.612820,40.116345
115.690804,37.732003
114.213283,30.611662
116.317676,23.550552
116.464608,39.883039
101.558579,25.033671
117.266298,34.254137
112.568157,29.526042
121.407921,31.316059
119.205843,26.039904
120.603770,31.342371
123.957352,47.339971
121.473711,31.236171
122.990648,41.113687
106.079793,29.836213
109.431981,24.336384
121.381944,31.176524
117.254016,39.158060
113.874264,23.105843
121.324301,31.240661
109.583222,23.115900
113.817742,22.803640
121.480282,31.227021
114.068204,22.660153
110.483517,29.125609
113.987035,22.543228
116.352580,40.015024
108.894792,34.221274
104.051151,30.587450
113.592529,23.191248
119.812238,28.893188
104.263574,30.554588
120.560184,30.628785
120.218760,30.182994
113.256965,22.871092
121.417143,31.170871
113.364513,22.941406
112.157703,32.041323
119.220026,26.018731
121.584713,31.196084
117.533514,36.715595
108.877942,34.244872
114.613404,38.048595
116.293923,39.867304
117.104318,36.191322
121.524981,31.326681
115.998546,29.709129
116.398880,39.860491
114.334440,22.679922
114.208523,30.559044
121.498001,31.226942
111.609393,40.832063
117.031809,32.651269
113.815578,23.103866
116.986874,33.631963
113.294373,23.120184
120.427223,36.236120
117.168825,39.150649
108.692100,34.341116
113.807900,22.684111
112.563442,37.865887
106.678121,26.432813
110.186959,22.655622
119.519305,39.922130
117.209126,39.136215
116.077411,35.387194
122.088451,41.131865
108.937306,34.229370
120.469642,36.099811
113.923602,22.486083
105.822558,32.437091
114.478886,23.075779
119.029649,25.416481
114.350351,30.563912
112.859962,35.484780
117.167050,39.126292
121.257061,31.370255
114.463259,22.811747
112.993509,28.250768
121.423233,31.238013
113.270664,22.760610
104.061004,30.547634
117.113630,39.101364
102.541740,24.349651
113.360264,22.055911
120.409074,30.864312
121.227263,31.154143
116.283551,39.856131
113.389986,22.520021
118.421364,24.702201
129.617524,44.581763
120.199055,30.291052
113.408481,23.155717
113.480671,23.181393
112.503662,37.821345
118.608323,24.863904
120.239708,29.272281
113.367211,22.932774
108.631613,21.937667
113.854426,34.525704
118.310342,29.708389
116.561313,39.918305
114.975266,30.093353
117.611718,24.119893
117.370053,32.917734
114.130323,22.673797
114.005921,22.983145
113.566709,23.192186
120.724219,30.757998
121.497600,31.264534
113.106889,22.606704
120.844740,31.027854
120.587024,27.961004
112.476751,37.860713
116.446273,39.956323
112.976346,22.754929
117.494051,27.323049
117.288156,31.864021
118.594957,24.894758
116.680125,39.522980
120.363172,31.485061
114.129525,22.571682
108.947720,34.226572
113.156471,23.043672
116.321056,39.892955
123.426601,41.765479
112.456134,23.055580
113.541712,23.333238
115.656250,34.437166
114.482005,38.010802
120.223773,30.294081
112.120105,26.784923
110.375914,21.273951
118.639377,24.872871
118.740900,32.057931
102.833811,23.617224
114.354310,34.790723
100.240817,25.595494
120.426251,36.244804
119.547093,39.907821
121.844998,29.893533
114.245189,22.710738
114.117862,22.606208
112.584130,37.794036
120.692798,30.527295
118.830630,35.578961
115.978937,36.473336
130.337373,46.793957
117.031444,25.094814
123.358514,41.851484
108.947323,34.305144
113.887862,22.569180
113.120900,23.039152
108.929376,34.192327
102.789047,25.054792
104.649303,28.750544
117.215456,39.208836
112.132745,32.061272
121.518954,31.228432
118.164326,24.651567
120.101203,30.865772
113.791521,35.470823
119.032162,25.434171
117.681743,39.012722
118.283883,33.950173
114.029383,22.609394
121.139053,31.460423
121.449190,31.392580
116.204011,39.945993
120.285244,30.431733
120.452881,41.576693
126.629263,45.770331
113.895176,22.560852
114.050942,22.515537
115.059720,30.244060
109.144174,21.421236
120.335240,30.315504
118.586144,24.797879
113.324652,23.141710
113.329053,23.133853
123.416032,41.875441
119.979916,30.273710
102.929936,25.098154
113.552982,22.801356
113.669174,34.756138
111.668774,40.817813
116.243258,39.895808
120.190850,30.228661
120.267001,30.309255
118.755687,30.943730
121.510455,31.241035
116.416164,40.060021
116.728604,23.366204
116.693733,39.916460
121.546201,29.772362
113.283863,23.212613
121.635907,38.920822
119.102344,33.615999
116.354524,39.922614
113.082958,23.036440
119.129350,36.716242
113.868151,22.565562
116.145455,39.747434
114.401498,23.089644
117.954493,40.965323
120.622042,31.310950
117.185964,39.091382
116.295313,39.972951
121.685603,38.877611
120.304604,30.433363
119.041343,31.637304
117.232194,31.818974
113.322023,23.118762
111.003235,35.024445
106.577722,29.557140
119.841321,32.929291
122.370772,29.950375
116.410562,39.994462
114.335575,30.516131
118.845185,31.931701
122.993323,41.112211
112.574804,37.859537
113.086602,22.573802
118.596796,24.769305
113.961282,22.877154
113.257953,22.939602
110.714768,35.591381
114.484344,36.604460
108.731103,34.396520
116.470293,39.976134
121.458633,31.268301
120.278714,30.311871
121.211390,31.038347
109.494514,18.294828
123.413003,41.824295
110.307224,25.262794
121.519871,31.234882
108.962887,34.243199
121.526330,38.858483
113.566395,22.279970
114.269601,30.595085
109.450777,24.322759
121.526214,31.228645
114.210565,30.770177
110.400171,21.210059
110.393023,21.265892
119.296632,26.085603
114.244848,30.552129
87.608285,43.802213
113.359884,22.942243
120.354899,36.083412
113.202712,23.149095
121.543201,31.274520
121.503920,31.095079
113.857701,22.765671
119.105572,33.551606
118.944974,25.863932
117.103302,36.122130
113.341712,22.520002
116.417848,39.511978
113.979596,22.591697
114.462930,22.727836
113.079441,22.592424
108.324912,22.784862
116.336144,40.072771
112.591012,37.856160
113.643220,34.716492
116.858133,38.312822
114.385906,30.475992
113.618122,22.900945
114.034772,22.619782
114.293782,23.038176
110.154664,22.629466
113.280915,33.742191
114.111461,22.539901
118.741633,32.064863
115.984266,40.464921
112.905120,23.099322
117.056162,36.672203
121.235349,31.187120
116.344773,39.947021
121.168917,30.097342
118.003752,24.520181
110.924306,21.653921
120.638092,31.960760
113.525549,23.211911
114.484026,22.759462
122.144633,37.424630
113.263622,23.153172
120.300111,31.674052
119.184113,32.270330
113.247271,22.694773
109.754253,38.247063
121.386522,37.545404
109.790428,39.599045
111.800786,22.159422
116.313343,23.268062
108.381898,22.810353
114.150904,30.497253
120.304592,31.556392
117.272182,39.150346
120.119343,30.308101
119.108728,36.703163
116.693302,39.931577
118.160703,24.515442
114.110239,22.564816
124.396695,40.135773
114.497142,37.078099
114.513902,37.085425
104.783857,31.412043
126.677522,45.740372
114.369893,30.513135
111.003247,35.024633
121.335356,31.390207
113.247130,23.126336
114.334178,22.864732
119.288443,26.072101
112.535318,27.884728
120.678463,31.316642
118.809055,32.102378
112.933483,28.163912
114.249530,22.716049
120.401741,36.065573
121.349523,31.170743
113.704073,31.258931
114.080630,22.539422
120.690055,27.940222
113.526163,22.255103
114.126474,22.540423
113.947316,22.527403
116.238243,39.926134
117.137064,36.676422
113.375698,22.918359
118.100892,24.519342
113.129242,22.852712
120.637262,31.372265
113.297354,22.214661
117.013287,39.376374
121.606664,38.933060
120.700382,27.910441
109.501429,18.266364
116.501607,39.874171
114.037592,22.559881
101.729341,26.564769
117.934665,24.564894
116.694233,28.708284
121.603655,38.917769
121.444319,31.038822
116.541806,40.099246
118.728364,32.125822
123.355722,41.800111
109.034289,34.319778
113.272562,23.095402
113.031792,34.459522
114.049470,22.691066
109.365532,24.314841
106.487003,29.525901
107.643534,35.717774
118.776362,32.041604
118.737236,32.016473
120.974524,28.116180
118.386092,24.961938
113.573318,23.125809
119.955502,36.782992
113.024613,23.733075
110.157015,22.631926
106.616402,23.897562
114.063886,22.531931
113.960748,23.118345
113.596571,24.804635
108.891862,34.208160
120.374229,36.099253
118.583334,24.621844
119.276550,26.024085
113.014481,22.913442
116.272503,39.888484
113.878079,23.069529
117.261591,39.103010
113.429768,22.357298
116.302851,39.934395
105.877724,32.424494
104.663776,31.466895
112.913862,28.203705
117.204992,39.163063
120.580461,29.995279
121.455282,31.119585
112.729514,23.318692
116.401031,39.827155
116.392095,39.982423
121.633610,38.922224
114.939293,27.809799
123.401865,41.920120
113.941284,22.573195
102.737382,25.052742
113.104568,23.120646
119.317513,26.087724
117.941485,40.969722
120.354274,36.100763
121.715612,39.104030
121.431299,31.254553
121.431022,31.017601
113.261112,23.190312
123.456554,41.836555
114.115446,22.628078
113.134872,22.890603
121.645701,42.034713
112.584437,37.734112
121.568871,29.831710
113.556973,22.264824
116.845355,40.374242
104.065145,30.566685
114.326119,23.004541
110.176298,25.229227
112.583644,37.812530
120.174061,30.326682
119.400843,32.367511
121.511892,31.261323
121.592081,31.255382
114.885212,30.397783
118.736134,30.937152
113.911204,22.781832
121.431722,31.151013
113.268761,22.774964
116.730089,23.277132
121.556582,29.869715
121.448211,31.310934
121.403961,31.163914
119.676143,29.089853
113.346514,22.918951
116.409564,40.076957
120.196763,30.247092
113.046623,22.505212
123.322168,41.657512
121.608992,31.279631
125.110064,46.598513
114.349101,22.688817
104.077143,30.656045
121.126354,31.284920
114.037851,22.626312
121.526570,38.852673
123.508632,41.746313
114.986462,38.516176
120.027606,28.896766
122.121343,37.503111
108.291454,22.869935
113.541473,22.239013
111.710554,40.830982
114.209782,22.650265
110.948064,22.354881
117.192209,39.081549
120.226812,30.362161
113.239187,35.204422
121.403401,31.197021
114.064883,22.519961
107.773523,29.330717
121.468702,31.231265
116.712403,23.387285
104.072075,30.660443
106.645942,29.516111
113.837663,22.687165
117.239164,39.097384
119.948031,30.260130
117.308276,39.088888
120.661361,28.013083
114.318300,23.009295
119.000486,25.440341
114.172907,22.564046
113.305093,22.968259
123.419426,41.789007
116.333880,39.927565
116.749072,23.469483
121.350482,31.153793
113.376453,23.100224
116.411991,39.910752
108.267290,22.843090
121.544771,29.826751
113.933454,22.541171
123.902249,41.865560
121.385040,37.540914
114.427125,30.432412
114.070338,22.689189
121.594941,38.894071
113.374033,22.519316
113.889195,22.777103
121.228909,31.371592
111.680473,29.057294
113.452862,23.178540
117.654763,24.508472
119.356890,26.020776
114.245913,22.716823
116.270080,39.880840
114.930705,24.450610
108.322311,22.844901
113.241812,23.117633
116.983172,36.631822
114.332323,30.536793
104.103998,30.679493
117.294283,31.864615
113.898243,22.558906
111.962040,21.881532
112.907611,28.139378
113.303760,40.054912
109.490115,36.586004
119.579941,39.947382
117.059002,39.387064
116.232973,39.847962
106.662884,23.885224
114.164943,22.561680
120.888545,31.985389
120.211710,30.241833
105.836215,30.175355
113.811931,22.625060
114.512753,38.076873
121.455552,31.263661
118.995941,25.417784
113.115473,36.185326
114.502604,38.059214
120.216037,30.292211
108.963452,34.235020
119.413884,32.406445
120.509910,30.092874
118.177549,24.504722
119.331792,26.074593
121.441885,31.331082
121.492766,31.092108
113.293346,23.034681
123.269374,41.752113
116.162965,23.312914
119.385462,25.987282
116.593281,40.212330
118.160894,24.511542
117.106448,36.685226
113.834153,22.773744
104.093632,30.660384
108.918234,34.240784
117.186525,39.119213
113.368312,23.193643
114.217489,22.722862
118.072611,24.445405
114.396847,30.495910
116.442849,23.240561
117.176580,39.122211
121.313924,31.190875
118.949452,25.386311
120.318130,36.067630
113.544131,22.347451
113.318746,23.095927
113.263181,23.156470
113.168613,22.792511
126.698861,45.757951
121.158770,28.411476
129.625245,44.593141
113.074753,23.647232
114.325089,30.519441
104.044503,30.674234
106.552028,29.602878
106.558411,29.580094
120.388463,36.096432
121.479174,31.235845
121.520384,38.953144
116.397130,39.916527
114.403383,23.093065
113.192578,23.116892
117.212284,39.036516
121.554153,29.833902
118.908943,31.650736
113.926996,22.509899
116.835200,40.374371
118.903796,32.033503
113.105073,27.833714
120.314661,36.062432
118.437990,24.675850
113.244281,23.125860
120.435555,36.165901
121.420353,31.180485
118.594912,24.905523
121.361550,28.580412
116.320231,39.847561
114.705987,23.755680
115.214025,22.894705
118.030952,24.580837
120.330833,36.080664
113.551791,22.362453
114.064617,22.910521
118.785814,32.017795
110.279209,19.980139
117.652821,24.520943
111.581295,22.766682
118.707646,32.154862
114.527803,22.740650
113.347446,23.003875
120.630556,31.309433
113.085062,22.949945
120.540786,31.863110
120.164124,33.339092
120.645725,27.753135
112.472392,23.055744
119.283454,26.044621
108.920500,34.235153
117.215934,39.114681
120.902550,31.403981
124.883829,46.636030
113.646256,34.800787
117.129290,36.190495
113.834150,23.291361
120.743702,31.643274
121.321974,31.296633
114.026793,22.649625
121.036519,28.215860
113.100575,23.146182
117.197104,39.155333
113.249471,23.133064
115.378353,22.776711
118.781372,32.090241
121.540102,29.861723
114.145639,22.746654
123.368453,41.815191
126.685585,45.698655
113.241507,23.113342
118.475985,25.125306
113.903791,22.511669
117.147034,39.092434
103.854815,30.687535
118.190158,24.530410
117.194422,39.129651
116.287154,40.097832
121.459565,31.217241
113.531503,23.084260
121.394621,31.628504
114.073121,22.626947
123.459983,41.801270
117.764030,35.912102
113.559494,22.798186
113.464485,22.541174
121.347104,31.156650
102.683202,25.009462
111.293473,30.720045
121.396501,31.623422
116.494932,39.900923
116.994151,36.694551
117.197703,39.118350
113.916380,22.514359
121.628700,31.211641
118.136569,24.539619
113.244772,23.131343
106.579113,29.558493
116.254664,39.929774
119.947221,37.181522
117.396240,39.162083
119.877048,29.217691
114.429448,23.086633
104.199289,30.817141
117.387184,32.929786
111.296169,30.702420
102.856892,24.867086
113.435463,22.955890
123.450222,41.788279
113.246682,22.676657
114.106600,22.553873
118.083417,24.451199
121.567402,31.159691
119.313404,26.036982
118.876125,31.730356
121.140109,41.117363
114.297834,23.171494
113.060541,23.009146
121.404063,38.838489
113.312378,23.128671
108.962634,34.274474
118.191076,24.475903
121.355044,31.225864
119.579548,32.404869
106.078693,30.821071
116.372518,23.214034
104.771785,29.358463
121.532294,31.315062
121.410982,31.353881
118.793624,32.040782
108.715810,34.336273
126.541373,45.738652
110.367346,21.265303
108.370052,22.870194
104.028551,30.632824
116.378736,39.865269
118.185930,24.508303
120.299092,31.575782
119.704303,31.961613
113.906305,22.572280
118.135012,39.625202
113.124462,27.818475
113.980618,22.552095
116.613813,23.651672
118.916512,32.093304
117.600425,26.226737
113.217706,23.400385
114.039485,22.621462
118.186639,39.624383
123.468401,41.802282
113.548472,23.103261
113.387783,22.976022
116.488428,23.504302
115.356834,22.974920
113.706040,28.514064
113.666562,34.751193
118.848924,28.974193
114.130385,22.550129
116.505601,39.915035
118.819329,31.955995
113.270729,23.178433
114.291650,22.727511
113.901538,22.578963
113.602765,23.128318
113.626190,23.121394
114.119710,22.584677
113.325465,23.184652
113.925294,22.506664
113.726152,23.035045
120.143753,30.319043
116.390298,40.108891
118.767055,32.077953
121.443603,31.222051
120.832778,32.039956
108.947925,34.318293
119.203310,26.067824
121.430940,31.233452
113.183641,23.103723
121.934304,29.197615
107.721614,29.532277
117.314204,31.883711
113.892975,22.930613
112.976298,22.774987
113.831179,23.287530
120.422263,36.157721
117.257251,31.853994
114.162724,30.492265
114.070628,22.620464
113.188854,22.611237
113.130183,23.019873
120.105422,29.325112
116.627317,23.525698
114.343662,30.588944
116.429596,23.582850
113.155708,23.462250
118.120587,24.475249
112.932999,28.218701
120.316351,29.153795
113.393930,23.370176
121.452501,31.194463
116.439263,39.849873
114.021446,22.654050
114.491804,37.061333
116.993472,36.704633
113.649544,23.095243
116.233744,40.223632
113.809320,22.669286
121.477642,31.224753
114.308301,22.595572
113.591253,23.120549
120.215253,31.625664
116.421519,40.042581
108.871912,34.239051
113.899803,22.530797
119.602431,39.930861
118.053583,36.822572
121.524261,29.861211
120.724721,31.327844
113.327235,23.120412
116.122918,39.905749
113.288164,23.205902
116.427854,39.859721
121.511364,38.848350
120.391333,31.583563
119.060717,33.552062
112.860404,28.207572
121.586953,38.915301
120.178384,30.249906
113.644530,23.128113
121.698644,31.193405
110.326204,20.029803
116.303285,39.908105
118.784709,32.050048
109.952533,40.606234
114.130685,22.606582
116.501775,23.380644
114.266394,30.569082
120.119599,30.330224
109.644327,18.230592
116.326543,39.881405
113.681393,34.762431
119.146674,26.142020
108.944656,34.141775
121.362338,31.362600
109.844546,18.395945
119.359548,26.100809
113.367207,23.122101
120.659014,30.902239
110.632854,21.660389
117.676411,24.496932
121.428753,31.158475
109.284897,34.385723
103.989321,30.625780
113.230326,35.241855
120.865962,32.014824
120.492852,30.085770
115.739785,24.127068
123.410244,41.845512
121.412673,28.652822
113.579594,22.256024
121.402825,31.187612
115.250884,24.109327
119.253832,26.083299
119.041485,25.465420
108.907441,34.235424
110.406396,21.196759
114.053063,22.690584
116.837094,40.362074
120.629704,31.321484
119.293564,26.061815
119.546749,26.209419
111.669261,40.815554
114.102072,22.558282
116.821667,33.963266
120.608577,28.013925
113.085765,28.241942
117.361538,25.973272
121.331251,31.263484
120.447863,31.520323
113.321326,23.131830
118.843881,31.953321
118.583784,24.621370
120.159250,29.333955
110.320588,20.025371
113.265243,23.126355
109.143921,21.432641
115.787035,32.876524
112.984536,28.236844
113.816644,23.275854
114.268541,30.610113
118.081243,24.453295
111.733293,40.820175
116.370443,39.961871
111.012234,21.530053
114.196011,30.596271
120.163612,30.269282
120.374634,36.168669
104.399589,30.860547
114.111241,22.612171
113.365178,22.964723
113.895004,22.581274
120.063747,28.890649
120.723947,31.252247
116.387111,39.856042
114.136544,22.625072
121.445512,31.337001
114.290190,30.579035
123.479363,41.825293
120.653795,31.305770
114.425853,23.113900
112.971654,28.198780
121.555511,31.182312
114.126784,22.623853
115.873731,39.326580
120.096444,30.329371
113.258317,22.671087
113.282652,23.138201
112.869121,23.170563
121.116581,31.149535
116.420695,39.885633
118.173209,24.485294
113.952479,22.538445
113.309351,23.247942
113.502302,27.659986
116.330722,23.291892
119.171324,29.020162
120.420016,36.243902
116.411665,39.915083
120.299354,31.577078
113.549971,22.112824
113.816123,22.733672
119.534768,26.210344
118.367296,31.326283
121.411332,31.272804
116.417732,39.924701
103.146783,24.918984
118.605266,24.903891
113.122942,23.010402
114.260496,30.529681
112.940053,27.827288
113.682598,34.610733
116.432162,40.047889
121.610582,29.860697
113.820306,36.079479
113.948566,22.486586
114.716348,23.767648
108.330122,22.850333
120.024566,29.192631
113.120790,23.106063
113.077462,22.872615
121.456824,31.242572
113.666834,34.774564
112.608210,37.789552
120.555815,31.301181
114.644383,33.616709
118.722546,32.009052
119.305490,26.086964
112.266760,30.326587
118.814088,32.032084
120.140771,30.268520
113.513330,22.226292
121.592258,39.001520
120.097481,29.322645
120.603475,31.312674
117.230894,31.852700
119.157510,33.527771
113.862065,22.581418
120.957000,31.373193
121.385290,31.166140
121.391901,31.235911
126.587432,45.741853
120.711665,31.330083
117.444514,38.924304
120.106094,30.299601
120.005450,31.821639
120.170952,30.240342
120.052797,29.313322
115.519243,40.405382
116.637425,40.315374
113.528949,22.495111
113.317941,23.119168
114.221203,30.770493
120.720303,28.844814
112.224172,30.339613
114.907922,40.756892
113.405422,28.216908
113.914834,22.531746
117.163866,34.263711
121.504697,31.234081
111.070542,25.929171
120.063444,29.358662
116.682137,23.467015
120.126562,30.275595
116.356376,23.560547
113.262774,23.101210
121.515096,38.973833
113.209611,23.375630
121.447215,37.469174
118.746373,32.038541
104.022592,30.704713
111.788370,37.144695
117.988294,24.528895
117.127809,39.223924
111.665168,40.811529
113.206105,23.158374
117.254552,39.129906
119.183352,34.599960
117.055941,36.666391
113.682314,34.787091
116.132623,24.299374
118.093801,24.573912
115.667585,37.040089
117.224343,39.121214
113.124443,23.110004
113.993436,22.972274
113.722898,23.022097
113.343223,23.135735
113.317725,23.123604
121.634302,31.182485
117.294114,39.052703
119.306143,26.100969
121.476793,31.235312
118.816615,32.128754
120.277913,30.144703
121.467562,31.204614
121.622112,38.908510
113.281526,22.749191
121.089563,32.063771
123.342395,41.751269
114.197740,34.102982
121.637864,38.916574
102.542855,24.344300
112.199824,30.981949
121.367105,31.258723
120.215390,30.251788
113.109577,23.152543
115.816546,29.424837
111.857092,26.582624
116.357921,39.907872
113.944344,30.930294
121.403034,31.210891
113.333133,23.117302
119.574451,31.989401
121.498494,31.377560
113.031278,25.797472
113.905832,22.558572
114.265313,22.687233
118.860091,26.220802
120.658341,28.000563
114.062921,22.534393
113.100236,22.986488
114.263743,30.593596
121.446392,31.222742
115.063264,35.770715
113.538112,22.799727
120.748493,30.761457
104.021210,30.646308
112.601871,26.908551
116.418092,39.842242
121.422823,31.217274
121.245624,31.384531
116.369261,39.832922
118.061771,24.561894
115.907559,28.669628
114.474382,38.034730
116.004503,29.703917
119.299284,26.085023
114.111713,22.543320
112.236536,22.713963
121.592256,29.967368
121.612111,29.887832
121.616563,29.856480
121.587882,31.338582
112.901218,28.124407
116.313053,39.896141
114.456464,22.788512
111.030596,27.113628
114.238495,22.719572
113.468713,23.096032
126.623282,45.771561
116.503057,39.865837
112.588314,37.894231
113.662832,22.927531
121.490870,31.280353
116.316804,39.630411
104.067344,30.590272
102.777568,24.944964
121.124345,31.436180
114.129814,22.591777
123.173361,41.262684
117.203025,39.094274
116.127252,40.069012
118.617253,24.880200
121.537491,31.263761
113.530375,23.162081
121.438133,31.190632
119.346675,26.072954
113.201007,23.140718
113.713350,34.721170
123.465174,41.685992
121.587133,38.913634
114.882653,40.816852
117.120093,39.093201
113.333169,22.994888
109.507795,18.250609
119.458815,35.425222
112.960540,22.762803
116.077180,43.946384
112.136180,32.039704
122.247141,40.632553
120.147309,30.172092
116.598508,23.682253
114.463519,22.784662
114.449795,38.034140
109.391204,24.288775
106.481111,29.587957
113.970105,22.692529
114.303286,23.176646
113.271437,23.125988
117.184351,39.132804
118.104754,24.466015
116.662415,39.906853
123.434392,41.764994
121.355957,31.164622
119.325123,26.081861
119.304413,26.051432
121.432301,31.250492
118.763334,31.972001
118.787043,32.052861
117.661265,26.283231
113.247742,23.115071
120.353651,36.076794
112.992714,28.138780
113.250320,23.179940
114.538042,30.491933
113.316272,23.089739
112.194380,30.351237
116.975692,36.660823
112.400263,39.319293
103.974873,30.758595
127.984443,45.212705
106.546129,29.721629
113.117871,23.036196
113.617653,23.152881
118.112492,24.471623
113.158143,23.063373
119.326741,26.069210
119.475752,29.216751
113.254502,23.111629
113.031425,28.197101
110.336354,20.024585
117.357995,31.859615
126.617652,45.779312
116.426931,39.844182
113.025189,28.142844
116.829209,38.292415
120.582407,28.038701
113.426171,23.197376
114.118151,22.541274
113.032169,28.175447
121.806260,31.150152
120.110293,30.334025
102.710574,25.034169
114.118702,22.543142
108.290818,22.844169
121.458624,31.215361
121.320772,31.073162
121.418733,31.624884
113.561551,23.131383
114.342341,30.714916
118.129974,24.485460
121.562060,38.907353
104.675327,30.108400
91.140118,29.653491
113.332213,23.121064
114.477291,38.088509
121.543121,31.215631
117.022272,36.655912
108.997171,34.247594
120.748554,30.761687
122.124023,30.018020
113.588731,23.547600
109.982392,39.820325
116.178203,39.914764
113.942758,22.524566
116.246132,39.949181
117.852299,36.806927
109.491704,18.271566
114.109491,22.590384
113.275918,23.090656
114.278156,22.728193
113.241354,23.141504
118.116695,39.568837
118.877421,31.341557
116.435541,39.941421
120.164142,30.257144
115.802194,28.682119
111.994417,21.862953
113.707903,22.992201
112.569090,37.869154
119.304482,26.069002
117.226835,39.148435
121.381120,28.380622
113.228454,23.089515
126.690973,45.773052
118.996175,25.426138
110.381990,18.804596
121.514091,31.301302
120.120311,30.865920
114.300055,30.611911
120.951551,31.402994
114.406992,30.473631
126.702603,45.784782
121.443964,31.223811
121.366681,31.236705
102.739273,25.092062
114.545853,38.024580
109.987613,27.519754
113.329963,22.527732
121.587443,38.970332
113.327375,23.132819
120.320623,36.062740
113.944866,22.537975
116.289263,39.960184
114.270986,30.579983
118.754782,32.087551
123.402241,41.791645
121.646933,38.922673
120.170012,33.354641
120.625760,31.311502
122.993945,41.102375
117.174991,39.126911
120.099172,30.874512
114.068844,22.544283
116.247307,23.554411
118.588460,24.812926
117.184404,39.179344
121.520011,31.174971
113.253186,23.119543
112.632337,24.468093
116.403038,39.114303
112.546639,37.964208
113.382920,22.532548
119.318531,26.109761
117.162743,39.147063
121.484195,29.886573
121.377501,37.542992
121.442785,31.192393
114.458976,23.100959
110.343314,20.049171
114.098225,22.552133
110.857773,21.907612
113.850901,27.643124
121.388484,31.106870
114.119862,22.537180
117.099412,36.657653
115.989375,36.457772
106.543711,29.557954
119.306193,26.091894
113.276942,23.071110
116.714977,39.528361
118.754274,32.142320
116.299921,40.024645
121.251681,31.385854
113.349138,22.998766
117.213855,39.159984
113.366204,23.193703
114.409302,23.081644
118.127429,24.500489
121.517274,31.251640
112.660152,32.953629
114.270000,30.580462
121.450602,29.859518
109.578816,18.278001
113.405242,23.166852
116.586572,39.921526
119.913403,28.449442
118.139238,24.508900
116.313910,39.983811
125.116393,46.606361
121.514715,31.232263
121.364165,31.132753
98.495492,25.016196
118.135212,24.476690
114.064034,22.779628
116.469547,39.882345
121.483134,31.201912
113.368393,22.927965
117.223112,39.106121
113.178788,23.423974
113.704501,34.774351
116.107269,39.936521
119.325292,25.707204
118.783603,32.030801
117.896822,24.511544
119.315350,26.052293
121.491000,38.975441
112.737215,37.715993
110.495905,29.381584
116.348155,39.790264
113.279620,23.082693
113.380534,23.072173
120.167350,33.362373
112.157252,32.051143
114.034771,22.619783
113.764292,23.056865
121.550782,38.959881
115.378048,22.776629
118.000508,24.606784
123.403970,41.787639
121.592099,38.929111
114.506426,36.596693
117.667679,39.040646
120.669251,28.018593
121.369655,31.208670
114.226825,22.692925
116.254733,39.906995
113.154511,23.035376
118.584199,24.918092
121.458691,31.164501
113.990321,22.697512
106.835729,27.545903
121.399595,31.161634
113.055919,28.161458
113.278396,23.115314
119.326621,26.139224
113.234190,23.093751
119.842693,31.358012
124.149291,39.878100
114.273640,30.577988
114.354050,36.110670
123.431034,41.771652
117.302570,31.831619
110.003245,27.533116
116.354412,39.981855
119.318542,26.113254
117.047394,30.516297
105.927856,29.336273
113.546254,22.791134
109.522495,18.225214
106.257616,30.005286
114.032230,22.535231
116.796921,39.959541
114.283814,30.629803
113.613619,34.736522
114.311412,22.770952
121.164095,28.855213
118.505904,31.659249
114.211960,22.650206
116.423802,39.969040
120.380002,36.088065
111.010225,21.506761
116.694021,23.362319
112.971984,28.141684
112.406992,34.655000
113.048951,23.668368
120.301270,30.387623
109.056328,19.292216
122.159583,37.418372
108.956582,34.173414
113.223116,23.379199
121.499177,31.236819
113.357362,23.098171
112.567841,37.723992
104.067936,30.631671
120.177916,33.323104
112.560158,37.883562
122.096028,46.058030
121.532192,31.217091
121.400965,31.201474
114.155214,30.517984
114.008003,22.548970
113.294513,23.070532
113.826541,34.022083
122.286875,29.964601
121.200597,31.049600
110.011645,39.816986
121.208346,31.616556
106.567529,29.526303
114.070451,22.548131
117.207272,39.063182
106.716002,26.572103
116.653705,39.950326
121.442362,29.305714
121.628384,29.876273
121.448614,31.198361
117.990122,27.638545
102.780842,24.958061
113.923564,22.502496
116.339585,39.876851
113.882421,22.580167
121.405533,31.071364
114.261093,30.731191
120.645103,31.162315
119.606494,39.934930
113.310480,23.151221
117.104543,39.126594
121.499107,31.143851
113.084305,23.224868
113.993655,22.589442
119.277636,26.060537
113.447969,22.514894
125.321742,43.909476
116.141721,39.731890
113.291409,23.236577
121.609735,38.910860
117.172050,39.137481
113.042870,28.169931
121.431844,31.136762
114.061144,22.621907
120.091569,29.313335
116.308629,39.441917
118.816338,32.023291
117.006527,25.096401
119.335312,26.026002
112.406519,34.646985
113.322634,23.149255
113.309403,23.025007
117.224994,29.293395
114.110750,22.548597
116.397132,39.916530
102.709573,25.039691
116.493312,39.907045
117.722628,39.041952
119.138012,26.145309
113.268782,23.203006
117.184054,39.084191
112.452282,23.025941
121.190555,31.197945
113.269300,23.159921
116.518099,40.210423
118.820243,31.930891
118.477301,24.714594
123.393203,41.795312
113.577951,27.715173
121.503722,31.179251
111.980404,21.852943
114.992605,22.832863
113.360762,22.960535
120.424782,36.161621
116.345973,39.938401
113.348799,23.099792
111.907097,29.634672
113.269702,22.834524
118.227557,33.937174
121.752223,39.039734
121.482884,31.219465
112.557244,37.817822
102.707146,24.998279
120.154452,30.161373
119.124640,33.554248
112.792603,22.229403
118.755995,32.001535
113.077356,22.609607
113.222553,23.149485
118.771601,36.874017
113.152923,27.838110
113.827608,22.669920
108.315652,22.826213
121.457560,31.185671
121.653041,38.886651
110.325571,20.038534
120.277720,31.493223
110.337684,20.039012
114.089605,22.813874
120.143757,32.509052
116.394802,39.895871
108.841371,34.209461
117.375152,39.157024
126.624781,45.742411
126.579950,43.865762
110.361872,21.272811
113.756252,23.000289
120.624571,31.293511
104.275018,29.005306
113.100669,25.786954
112.604210,37.801695
116.232662,40.069535
114.261031,30.623412
104.787102,29.315921
113.614553,23.117162
115.475378,35.225391
121.441000,31.194051
123.456782,41.719634
119.329313,26.031389
113.205921,22.640048
113.015793,33.253534
113.458974,22.547824
120.652553,30.674260
123.463266,41.955827
121.398542,31.232142
103.857400,36.035003
116.701318,23.366014
120.303117,30.422951
121.880855,29.468490
114.489459,22.891771
106.424256,29.815079
113.188601,23.422058
120.451310,36.176748
119.291761,26.062511
116.269166,40.129350
116.635804,23.647865
121.614960,29.869141
117.385675,23.822483
103.944689,30.933262
113.346583,22.967793
114.238833,22.730356
113.285365,23.014672
121.491114,31.225471
113.929291,22.519511
116.411324,40.043221
123.411701,41.788502
121.358641,31.219324
111.512562,36.102454
120.423125,36.306212
119.163431,34.608897
116.505373,31.749443
118.080181,24.604652
100.226413,25.586404
116.330994,39.776241
114.486576,38.010293
117.088063,39.193135
121.134081,30.028312
109.505373,18.246607
117.042632,30.517264
114.375125,22.745152
119.297543,26.080352
113.261751,23.375902
121.349824,31.281840
119.045556,33.600801
113.665081,34.747272
106.727929,31.856273
119.299742,26.108837
114.948132,25.819234
119.200034,26.068924
114.631993,23.522624
121.158807,38.816615
119.959591,31.760185
119.138493,26.145645
121.831485,29.896132
119.390340,35.995642
114.276798,30.708871
102.767321,24.947144
121.455062,31.252241
110.942142,21.661480
116.449354,39.923406
113.589683,22.281826
116.548256,39.951520
116.450727,39.909252
117.001361,36.593253
115.833542,22.813713
116.424820,39.956481
121.420874,31.279462
113.235340,23.096232
116.772186,23.462054
116.600765,23.253712
121.455845,28.661065
119.447922,32.204445
121.561982,29.870583
121.222333,31.060452
112.203173,31.029182
120.926846,30.824031
117.280863,31.861633
121.446225,31.323921
113.332581,33.740382
113.466402,23.167314
120.043201,30.275072
113.726231,34.746954
118.091572,24.507996
102.824902,24.877762
113.541473,23.096140
115.089273,30.205812
107.144244,34.371394
120.450895,30.440491
113.770735,34.769242
113.377998,22.505053
104.105031,30.645463
121.343754,30.748533
116.108545,39.942880
119.494563,32.185312
115.635866,22.952752
117.937838,40.972087
113.770290,34.223459
113.383957,23.098793
119.463103,31.426639
117.134089,39.082535
121.512194,31.196554
120.929289,31.381025
113.228318,23.406037
106.464303,29.556882
113.991090,22.521562
118.096212,24.510542
117.145522,36.657991
108.318014,22.822584
116.709350,23.357720
113.226914,23.976745
120.692759,30.491213
113.221548,23.342478
117.303202,39.696865
121.422755,31.124971
121.255253,31.330014
123.464274,41.749804
119.164228,39.725065
116.349108,40.032804
114.510616,38.042527
116.579866,39.817129
113.692052,34.792530
110.329411,20.029713
114.123220,22.595839
114.043952,22.517433
118.656581,24.915734
120.888795,30.142937
113.255273,23.161334
116.632197,40.315289
118.162442,24.485771
113.010621,23.126966
116.339425,39.886474
106.721414,26.604609
116.415423,40.057099
113.503604,23.159062
117.526271,36.681242
116.393783,39.945453
118.144037,24.497071
121.421322,31.255602
116.483296,39.928468
114.478762,38.043150
121.432122,31.180632
117.334833,23.937893
116.521954,39.941260
114.418033,23.116316
115.990007,29.723844
113.674671,22.817090
117.021644,36.661862
113.321309,22.508954
109.598125,23.113311
108.392784,22.811810
116.467042,40.009586
121.474164,31.234761
114.469691,22.794925
130.354938,46.816974
104.128001,30.636093
114.285416,30.567970
117.375757,38.977567
120.604074,27.962881
104.089844,30.531696
120.216251,30.211143
117.147085,36.192226
113.732694,34.748450
120.767474,31.666213
113.111371,23.027782
116.739224,23.381042
126.644663,45.760601
116.413154,39.899514
119.547528,26.243065
117.142405,39.208774
120.268173,30.204441
113.257978,23.139486
116.335764,39.955302
111.697181,40.827775
118.119639,24.482551
115.025883,35.791270
113.392602,22.515952
114.294913,30.589391
113.430831,22.937261
111.304403,23.478210
118.650257,24.730465
114.314814,30.656184
116.447192,39.963914
121.718891,29.952774
117.730052,39.030699
126.650065,45.719422
120.428611,36.068392
113.680027,34.843251
113.254655,23.089301
116.659732,39.908918
117.075593,39.121851
116.478471,39.923403
118.400424,24.964573
116.768210,39.566206
119.816814,31.365765
113.799627,22.809883
114.321907,25.116431
120.810278,27.920243
114.051104,22.598289
113.314327,22.978041
112.455984,34.614355
119.415881,32.389362
116.461611,39.875311
113.357452,23.292081
119.654214,29.083605
121.388741,31.026004
116.385582,39.979426
118.843390,32.330112
114.456461,22.788511
120.207433,30.209660
120.599871,30.004194
113.482494,23.173566
118.344521,35.060614
113.248534,23.146762
113.242684,23.149781
119.460719,25.993411
104.205020,30.572273
119.216824,34.617084
120.099552,35.904052
116.411324,39.915920
114.388821,30.631461
106.962802,30.839494
121.589072,38.910774
121.431414,31.152050
118.133174,24.495902
102.730064,25.047622
119.512399,25.947155
113.272932,23.228732
120.175073,30.290865
114.555796,38.042825
114.447835,22.742626
116.442106,39.923012
113.133393,23.138921
117.014572,36.648222
89.189551,42.951293
102.712454,25.037460
113.180280,23.451944
121.220901,31.038545
119.383382,25.719441
114.018837,22.945981
114.168064,30.616381
116.291482,39.817054
119.914478,32.477638
108.947024,34.221231
113.360668,22.905888
118.160144,24.512136
113.630380,23.152326
113.261876,23.113795
104.104542,30.670291
118.616092,24.915828
113.034008,23.495334
117.179720,39.103910
126.666444,45.774921
121.437345,31.197071
113.801250,22.700459
123.394854,41.805320
114.238832,22.557403
116.370287,40.002338
112.986369,22.939914
114.376683,30.880175
108.370021,22.818023
106.609616,26.633222
116.455561,39.884803
113.240383,22.952480
118.156416,39.828253
106.086171,30.790763
111.962290,21.851785
118.613256,24.715989
121.364722,31.252601
115.098759,22.799390
116.578403,39.802633
119.705815,30.222040
118.075543,24.481713
118.053584,36.822572
117.045839,39.357991
126.629881,45.768683
119.614549,25.970459
119.888940,29.458269
120.574505,31.844220
115.098760,22.799388
114.353853,30.524534
118.245862,24.608228
113.140217,23.037390
112.741582,38.411894
117.722338,39.019706
113.679755,23.276081
113.057854,28.201718
115.883499,28.589003
113.543735,23.110066
118.914570,42.252751
113.684712,22.804895
102.999269,25.244654
121.410380,31.011484
121.285611,31.214130
117.487594,38.720742
120.489856,30.083483
112.709497,26.896364
108.306974,22.794671
121.260452,31.116190
120.047432,30.247550
116.359570,39.935583
111.691571,29.029112
112.519765,37.840856
103.830173,36.054182
118.175461,39.668390
120.712723,27.978615
118.099544,24.573984
103.685971,30.623036
119.653514,29.099780
116.296884,40.034335
117.004430,36.662364
112.048310,22.932192
120.962005,31.923492
117.687715,24.523059
121.598113,38.914612
104.684372,28.792463
109.521732,18.252252
118.082412,24.454232
112.612510,26.896871
113.335304,23.141791
113.216573,23.390253
117.008414,39.138994
119.393215,26.017331
113.670929,34.700316
120.413523,36.111964
113.968372,22.541404
104.152691,30.626463
114.038341,33.570852
121.385984,31.169071
121.534111,29.861261
116.305852,39.984419
117.190163,39.140153
116.824641,39.954204
116.454740,39.934614
116.309961,39.851503
113.532302,23.064712
120.136896,32.503549
114.386568,27.795714
118.320603,27.019573
113.751792,23.020675
112.890034,23.156401
119.370833,32.383611
119.268196,26.111945
113.026772,25.804000
112.444633,23.633552
113.998242,22.590813
120.010248,31.765290
116.644980,39.907023
104.079351,30.658022
103.956052,30.680209
113.648878,28.162898
119.218881,35.772293
118.145962,24.715628
121.516684,31.210432
121.369022,31.139963
119.311436,26.083821
121.479343,31.339655
121.459861,31.229494
114.930707,24.450610
118.779462,34.127363
113.233361,23.394714
123.432775,41.793893
114.130808,22.694183
119.173243,33.550073
112.938023,27.982103
118.103452,24.485662
116.086710,38.442783
123.436785,41.716291
102.710407,25.074060
104.074131,30.655006
117.302809,31.857220
113.315454,23.083490
121.376923,31.108882
103.904537,30.791929
114.117224,22.606451
115.266956,33.056993
113.682706,22.954084
120.164784,30.244025
116.443552,39.921900
120.111866,30.301836
121.594343,31.113791
119.444524,25.608204
114.610142,38.014253
121.401132,31.131673
121.350611,31.408025
115.513082,38.893973
114.517515,38.042722
119.655273,29.077984
116.198501,39.931353
114.020749,22.540149
113.936616,22.540490
122.263744,40.678830
120.063643,30.283672
110.398684,21.229232
117.187468,34.282881
114.490998,36.564922
109.442234,24.327895
121.419948,31.015312
112.978496,28.192538
113.551945,22.219871
117.634923,26.262564
113.360271,22.924258
113.344394,23.139564
104.679813,31.033595
112.990273,28.070492
118.696836,32.157614
110.102632,19.367152
118.337355,29.719444
110.786007,21.406094
115.480551,38.913483
113.009190,28.182614
121.654795,38.919794
104.002904,30.720873
114.282093,22.740360
116.122339,24.299995
117.272965,34.269113
104.419145,31.157194
121.655655,31.213793
116.563471,40.052720
114.539257,22.849834
117.036475,36.655231
113.048440,28.157803
106.724351,26.561382
120.580312,29.985511
121.376899,28.590502
119.325559,25.706183
121.532864,38.865543
122.210761,29.988781
120.745230,31.275904
118.156415,24.527302
113.380501,23.128220
109.624330,18.243412
122.095143,41.116192
104.751652,31.460954
119.971319,31.784861
114.135212,22.548824
113.904500,22.529027
120.426348,36.160393
121.476470,31.211540
122.980213,39.663667
118.506069,31.706511
121.512095,31.304665
117.268004,34.791915
108.312951,22.789510
121.487831,31.211863
116.376152,39.910080
108.281284,22.773514
103.765897,36.066563
117.044844,30.505602
113.247189,23.122070
112.996550,28.155473
114.036154,22.552939
119.285928,26.056164
113.315853,23.024217
113.014713,28.109661
114.068042,22.651980
116.639964,39.873764
121.400232,31.108085
117.334591,38.940667
120.644207,31.420884
123.349624,41.816434
120.149594,30.181352
119.950481,31.704932
108.978012,34.345830
116.096435,39.943672
114.203562,22.643297
113.296664,23.088921
121.587623,38.917228
119.448818,32.204632
113.343641,23.171386
113.342958,22.830914
120.676698,30.622065
117.196234,34.220649
116.705402,23.365253
117.093181,40.147789
116.188572,39.990838
108.983143,34.269114
118.843201,31.954211
110.342533,20.030113
118.642290,32.075405
110.362821,19.989010
108.948362,34.258235
113.354924,22.488215
121.179584,31.279894
121.600870,31.206843
121.182213,31.895603
123.948266,47.368059
104.073849,30.670219
114.099701,22.539442
108.881654,34.194172
114.521103,38.043163
117.664264,39.017114
121.453741,31.247434
114.120759,22.557065
114.343943,30.548384
109.601947,23.090937
119.479874,31.426041
119.955656,31.781086
114.073139,22.633979
121.234164,31.007993
114.702321,23.739443
117.944400,40.980267
113.921854,22.495562
118.382264,31.346764
121.226337,28.880452
117.276893,39.138621
113.085354,22.576993
121.072291,31.307231
121.405182,31.173021
114.277546,22.728640
114.035830,22.663981
116.320421,39.667725
120.276282,30.318565
116.613153,23.263977
121.222162,31.288262
116.298454,39.959332
112.896659,23.170382
104.053777,30.720540
120.112485,30.316601
112.370324,32.655081
113.276994,23.139830
120.204104,30.259231
123.399764,41.794303
109.498757,18.320203
118.050224,36.806262
117.221292,31.819486
113.084995,22.959450
117.196977,39.147095
111.954472,21.903301
113.213854,22.931820
109.122784,21.442223
113.665853,34.742852
102.732332,25.028738
121.370004,31.345853
121.498054,31.075754
119.325281,26.139174
121.481874,31.404293
116.169151,23.295722
114.314261,30.615281
116.476020,39.893723
113.456375,23.101054
117.962782,36.643904
123.410115,41.730569
114.206234,22.646741
113.204021,23.386724
113.334230,23.295990
118.634075,24.732252
116.841065,39.888154
116.574792,38.072672
115.495855,38.858639
118.277621,25.321020
103.892412,36.053400
121.575051,31.352804
112.488214,23.058416
113.610041,24.833764
121.894512,30.894362
114.332654,30.533113
113.434536,23.096811
126.643141,45.761823
121.184052,31.879799
121.510139,31.026403
113.050533,22.507295
108.321381,22.816330
117.746623,39.119284
123.390400,41.744928
116.273432,40.067110
126.550694,45.738601
118.392672,24.965792
116.349666,40.043503
114.420900,23.083303
113.255422,23.157271
113.863168,22.585994
113.199838,23.367954
103.775003,36.067991
113.778317,23.032592
121.549982,29.807002
121.395872,31.142232
117.154741,34.262543
119.702013,29.808063
113.325702,23.148292
115.783852,33.856023
114.375676,30.625160
108.963152,34.268921
117.017552,32.641270
116.704887,23.374522
120.392762,36.060284
110.270251,25.261963
110.002894,39.813556
104.065686,30.653443
113.978405,23.127886
106.632707,29.716693
115.481283,38.861164
113.400859,22.794627
116.719071,39.550488
109.753314,38.289085
116.394155,39.899652
113.703562,34.598113
119.248172,26.049525
113.660557,23.052068
116.418964,23.249653
117.185128,39.047188
114.066976,22.536073
116.532543,39.917533
121.411772,31.231552
124.888803,46.610924
120.268357,30.224834
121.763723,31.053051
112.944244,28.148838
117.244634,34.253117
116.213208,39.763199
110.943186,21.653614
114.292604,30.577854
114.396974,30.505597
112.510784,37.864892
112.999795,28.195020
113.413632,23.105147
113.301943,22.200191
117.158622,39.115453
114.433456,23.129795
119.979411,30.274224
103.945171,30.983718
113.873093,22.572558
112.977719,28.238369
117.298810,31.863651
118.737553,32.033373
113.410011,23.124702
113.344605,23.103061
113.299586,23.045106
105.434861,28.894353
114.563077,38.044110
104.241820,30.576933
118.245010,24.575094
118.736640,24.892358
113.940190,22.678792
116.548314,40.063824
121.702051,39.092895
121.279900,31.330626
119.263555,26.112452
117.047327,39.046926
120.623417,27.966825
121.179697,31.283750
102.732357,25.014011
116.764691,23.475203
118.369342,31.329252
113.431452,23.164546
114.236431,22.553001
113.383235,23.097106
116.545843,37.871833
123.454180,41.801114
117.996492,37.406142
113.320965,23.134836
106.702574,26.557384
121.697851,31.184023
119.098395,36.697271
114.239299,22.553150
119.337011,26.056682
121.277925,31.167133
110.917601,21.662935
114.457894,22.795823
113.363105,23.118831
121.498681,31.119634
116.188909,40.041597
114.059171,22.603939
106.515620,29.533306
106.712182,26.577583
114.169834,22.562123
111.954330,21.871493
108.398631,22.807593
118.784495,32.040331
120.124316,30.345879
115.362750,22.773810
120.940046,30.525564
112.691580,22.365377
114.089428,22.540323
115.793697,28.623282
113.885805,23.130091
116.656452,39.888921
109.865751,39.499676
112.585402,26.905223
113.906206,22.885792
113.525955,22.270462
114.416650,30.461375
114.351392,30.583833
119.644215,27.095796
121.490350,31.228065
104.056111,30.583012
113.004843,23.120832
118.776480,32.069014
113.673868,22.810899
113.972241,22.556471
113.110553,23.018823
121.565143,31.204944
123.430009,41.804720
113.085803,28.245723
112.434098,34.668437
119.106152,36.708193
116.581824,39.923242
113.945632,22.581145
117.131524,36.720064
121.391573,37.531161
108.320128,22.818054
123.918213,41.879373
120.181005,30.265343
116.286090,39.838981
113.348978,23.007413
118.721274,32.019852
115.798586,32.902226
118.924457,25.125146
108.411672,22.835801
113.308361,23.100085
112.979572,28.152304
113.233711,22.841784
118.109492,24.522073
118.788127,32.022130
121.501727,31.274357
117.073991,39.987703
117.266223,39.053964
121.484613,30.916634
117.657233,39.031184
117.757477,38.988854
114.466313,38.078576
121.455841,31.227973
103.887438,30.810644
118.178953,26.633302
113.299271,23.129293
118.623829,24.740736
121.486891,31.320621
120.256240,30.233002
118.074828,24.600732
126.610611,45.724890
106.995486,33.072504
120.102534,30.168691
121.527270,31.225963
110.435938,19.960129
114.322393,30.364824
117.204631,39.112924
119.176104,31.937922
116.464846,39.936045
121.637440,39.030884
114.374063,30.574293
114.951767,22.757002
113.402134,23.117883
120.208386,29.284343
100.225077,26.874988
113.804827,22.813233
117.200315,39.125206
113.115504,23.015481
105.452045,28.890274
122.123813,37.500184
119.113494,36.711308
119.951456,31.779924
124.364938,40.110607
110.792557,32.617981
119.289193,26.065382
102.261223,27.888101
114.400363,30.638286
113.335101,23.132855
113.917679,22.482785
114.032641,22.668988
113.326992,23.132128
113.338274,23.133970
109.011228,34.261535
102.719908,25.021539
107.398333,29.700391
114.027662,22.530534
113.112334,23.025911
113.270601,23.106083
113.107003,23.011733
121.829521,29.894764
102.933260,25.101645
118.110703,24.586459
113.322262,23.276580
124.403890,40.142533
120.710522,30.763408
120.055942,29.268482
116.225456,39.906316
110.298961,25.277771
108.759805,34.149438
114.092522,22.543152
114.461243,23.042272
114.317722,30.415975
118.894894,32.050697
120.684634,27.984650
114.090023,22.552914
113.915703,22.578904
104.074193,30.686941
114.475854,38.034432
104.074894,30.633398
120.079660,29.287340
114.269792,34.801054
120.190676,30.857180
113.772992,23.064544
116.418111,39.898582
121.228475,31.126263
117.186662,39.130597
106.460525,29.557351
114.488579,38.044439
105.419682,28.910180
119.931941,30.088063
103.764598,29.579527
121.662113,31.808571
106.560503,29.595304
119.275447,26.074496
121.647851,31.024731
110.298812,20.024411
120.574288,31.872293
121.505693,31.315994
104.070981,30.542595
118.455624,24.664421
114.279282,30.667463
120.073601,29.309453
112.948488,28.130982
116.370319,23.560088
113.877803,22.562543
118.106117,27.329402
110.279514,25.253944
113.558540,22.223653
119.793815,33.471444
121.386861,31.321011
117.467943,31.887375
120.632913,31.267131
121.316616,31.203212
117.271401,31.844484
113.187303,23.032414
113.286081,23.067575
113.891551,22.479645
116.439283,39.934037
120.020634,26.886576
118.761994,31.980012
113.121064,23.106613
113.750866,22.989052
119.301301,26.130853
117.152631,39.156813
119.328708,27.104063
109.410654,24.319667
113.754053,34.721023
123.359671,41.781124
113.916653,22.491739
114.053522,22.538168
121.549188,38.887870
121.480393,31.311232
113.344540,23.116864
122.749822,40.859361
121.587274,38.896532
114.233865,22.722592
116.742702,23.377396
124.877673,46.555934
116.356387,39.846975
120.844831,30.053545
121.507233,31.282054
113.387743,22.931593
126.597503,45.717795
113.358291,23.134193
118.072794,24.622101
114.321443,30.575910
117.623211,24.513783
114.031809,22.611613
117.455120,31.872462
121.308332,31.208561
121.559951,31.120921
117.242977,39.128360
113.347688,23.169857
117.360232,39.077342
112.895620,30.419504
117.530430,36.689542
112.839367,26.412618
104.742853,31.463332
114.459523,38.006751
120.078578,30.147504
111.467334,27.235631
113.352003,23.250003
113.108143,22.994053
108.324587,22.835302
110.752239,32.613877
123.397393,41.793705
115.817674,28.677954
121.421792,31.196395
119.445638,25.608799
116.363971,39.899183
116.495823,39.785090
113.465791,23.046033
114.410108,22.719849
132.040574,47.253052
109.234981,23.727281
113.106868,22.946994
114.304675,30.650993
114.449671,23.075056
116.407555,39.953094
120.169853,30.257474
113.333665,23.149832
116.667156,40.108379
116.358234,39.888757
118.060424,36.801761
121.541034,38.887635
114.309091,29.839411
118.754963,32.033677
114.251364,30.607793
118.120617,24.491874
118.056385,24.596112
116.370841,39.808224
117.091418,36.684317
121.423654,31.005753
113.196764,23.139154
121.416301,31.218380
116.360187,23.260873
102.716282,25.042851
117.123532,40.154372
112.278995,30.303273
113.949721,22.522654
115.558779,38.879085
102.690354,25.053825
119.283202,26.081850
116.408893,39.941021
116.284814,39.824380
112.982392,23.478085
123.403641,41.815760
107.510217,31.182075
117.363803,32.944935
113.467544,23.163774
116.576436,39.908767
118.006248,28.490375
116.368763,39.813144
113.157628,23.197290
123.461213,41.735604
111.674212,36.254933
120.662463,28.010723
121.640274,38.923535
112.585822,37.860434
113.612635,23.131972
114.424505,30.607348
120.899199,31.388179
111.700704,29.025204
115.450624,38.861602
116.816481,36.560883
121.661551,38.924246
118.512491,37.462604
119.114008,25.454634
117.359966,32.919639
113.945541,22.545674
110.775631,21.439203
120.720788,28.002964
119.575414,31.738735
114.012627,22.551076
121.525722,31.142463
113.085604,23.010153
114.141177,22.567494
113.846252,22.769130
114.268500,22.722701
121.671003,38.929481
113.598025,23.154530
113.968178,22.586394
114.080405,22.531152
113.124203,23.066373
113.322250,23.120255
114.317081,30.531842
114.419184,23.121593
112.811291,23.294121
114.164325,30.639653
119.398593,26.247804
120.132061,29.310943
118.164584,24.531988
120.351282,36.091171
113.056430,28.264492
117.210938,39.137644
121.357822,28.586614
121.473473,31.320455
121.675969,31.280881
114.140954,22.565893
113.532763,23.869260
113.589222,24.796402
118.845682,31.938984
113.126820,36.218314
121.539893,38.950241
119.289082,26.089325
109.380815,24.332502
117.283864,31.833124
113.306955,33.742321
117.200274,39.125303
114.117394,22.600556
116.681391,23.366683
117.149181,39.139862
120.712991,27.991973
119.578625,39.972338
116.960284,31.466231
113.399899,22.046497
114.013458,22.913955
113.264893,23.116162
114.098994,22.826236
120.179067,30.324775
114.118104,22.545825
124.886456,46.657054
113.500614,23.173714
117.215715,39.102876
114.079060,23.015830
113.432595,23.141968
114.477547,38.088795
109.489145,36.598503
113.253652,23.165872
105.359486,29.149556
113.284152,23.126611
113.418687,22.680365
118.095865,24.486860
116.589882,35.407573
113.308799,23.134796
103.839044,30.072498
113.169777,23.022019
121.208544,31.009522
119.709563,25.479705
118.784644,32.061013
123.432224,41.813864
108.943870,34.259588
120.396615,36.064275
126.963535,46.644412
112.527982,37.807631
118.653902,24.871694
122.318672,29.964460
118.783513,32.038011
117.817001,30.926572
118.097912,24.504290
114.396313,23.081090
116.414811,23.330862
113.575364,23.051519
116.474792,39.948582
120.642992,30.099934
112.563656,37.914311
109.835153,40.606215
113.957024,30.899938
104.196688,31.341028
113.982487,22.534334
116.100954,38.688684
113.781176,23.034852
120.667225,30.537083
117.674501,24.509087
113.142197,22.716297
108.992601,32.695803
113.237894,23.398903
117.020845,25.083645
116.435972,39.866513
126.526755,45.808984
123.493754,41.633053
118.097983,36.946504
121.453160,37.478244
103.824174,36.059498
119.038378,25.446917
118.771601,32.054542
114.333117,30.658221
116.612656,39.924245
114.059342,22.509318
113.297832,23.090631
121.970521,29.899690
116.272136,40.098054
117.773916,36.884662
103.908523,36.038750
121.497683,29.947130
126.611481,45.704673
113.923174,22.523513
117.268984,31.802683
114.527118,22.749607
113.235296,23.156027
114.044565,22.555023
117.429360,49.599763
113.892498,22.780884
114.460503,30.477433
113.663500,34.745992
123.489303,41.769142
113.268701,22.923630
117.364262,39.128945
120.091751,30.260522
110.644109,21.653281
114.123251,22.541073
116.303601,39.911621
121.607052,38.908653
108.906683,34.245538
112.790862,22.249333
113.559163,22.277764
120.379514,27.509288
115.324814,22.963429
118.840775,32.038902
118.523444,31.684304
116.403522,39.855039
120.013431,30.285416
98.570620,24.421928
113.864415,22.614785
104.858502,26.575891
121.511641,38.840594
111.765878,40.849342
109.351000,18.293075
115.296346,22.794134
116.289338,39.998379
108.963621,34.275024
115.858842,28.632836
118.519432,28.899174
113.232647,23.210941
114.084245,22.541595
113.289614,23.092512
114.351571,34.799684
120.507441,31.255355
113.864157,23.099153
119.531684,35.420401
116.345392,39.907862
113.230000,23.077704
116.756084,39.599713
116.704457,39.523540
116.603779,35.407750
114.400704,30.512395
120.176245,30.258693
116.645231,38.697503
121.446392,31.368323
121.414334,31.142642
116.600262,23.655924
113.317321,23.125684
118.690342,35.438081
126.539861,45.808915
115.963502,39.722092
114.165659,22.816752
117.044202,25.080431
113.684666,22.953344
118.853349,32.062299
113.107192,22.560904
116.435381,39.940188
110.333912,19.976971
123.436572,41.818353
116.286752,39.789484
114.231761,22.550992
114.049895,22.653254
114.123829,22.563164
117.453434,38.844511
121.404715,31.256562
106.618492,26.370095
127.162440,44.914992
108.627792,21.975892
113.489912,22.955551
113.102704,28.251290
118.828630,25.136485
113.865006,23.242651
131.157582,46.643233
121.240194,31.175430
116.368060,39.993607
111.029869,35.042774
103.836245,30.048050
114.324632,30.504142
111.963825,21.873548
120.714994,31.318641
123.373886,41.795888
108.373245,22.812254
120.266692,29.715955
114.928262,28.238432
121.586923,31.135993
126.593698,45.700334
113.303594,23.220651
117.042681,39.193466
120.733989,30.742550
113.115837,23.029404
113.815555,23.102831
123.364905,41.813081
113.801115,22.800487
120.820149,27.859364
121.382934,31.315190
108.432253,22.771863
116.408394,40.006863
120.161402,30.286325
113.924582,22.511911
114.084623,22.549295
114.041705,22.522190
117.596766,39.033786
124.347103,43.164215
116.462595,39.894833
113.301691,23.142452
113.327008,23.187756
120.131903,33.382111
111.315904,30.704800
113.492712,23.453046
113.236064,22.594235
113.954023,22.528234
118.787817,32.038527
114.255173,22.588744
123.371282,41.771061
117.245213,39.163287
121.521202,30.838891
116.334049,39.763713
119.807161,25.501360
112.223455,22.068236
113.157522,23.379113
113.361657,23.009428
113.659259,23.172068
121.388865,31.252592
118.689041,37.441921
116.395812,23.561524
116.428763,39.893322
113.236714,23.274981
116.237052,40.212232
116.540633,39.773724
108.361096,21.767283
103.962741,30.669715
118.296273,36.817894
109.056126,34.274015
120.235612,29.265132
120.463670,36.097005
114.189712,30.600753
120.097445,30.299353
121.511944,30.959049
119.462711,31.403503
116.490400,39.984994
113.244218,23.074504
104.068650,30.658141
116.440554,39.907634
113.038248,28.116677
109.817665,40.658380
116.317956,40.033055
113.934846,22.517822
116.307420,39.982281
117.417142,25.289494
119.203344,26.059931
116.333953,39.976773
113.866704,35.305425
111.561685,40.797245
118.599179,24.833511
117.197704,39.122634
117.680816,38.996705
120.684904,27.995411
115.825534,32.904658
113.415350,23.132343
113.046640,22.851272
121.653318,39.040311
113.343251,23.126596
120.106073,30.240053
120.130172,33.420483
121.483600,31.254963
117.509880,39.041274
115.727237,24.138476
117.193592,39.130202
110.317811,25.313374
123.762269,41.293915
116.705897,24.366842
113.256303,23.125391
117.259352,31.886714
118.924864,32.099544
119.314862,26.030691
113.380723,31.708712
114.262841,30.581263
121.306022,31.149711
119.616541,25.971472
116.357503,23.535091
121.601804,38.911612
121.260321,31.353083
119.899270,31.003634
121.244019,31.051931
121.606623,31.317323
114.353744,30.526812
120.242453,29.721862
119.639134,29.087464
103.711070,27.331864
104.079523,30.657981
116.634165,39.883510
120.676496,31.206034
116.330675,39.789370
120.668843,31.315384
104.385776,31.128341
120.110672,30.378033
121.589079,38.917151
121.470882,31.232493
116.446452,39.971172
112.593623,34.773927
119.493834,31.401462
119.825824,32.237631
119.948101,31.674840
118.034135,36.848455
116.301791,39.889274
119.291443,26.099604
114.312111,30.499029
116.264737,28.364115
121.593204,38.989132
112.603421,37.787850
119.294254,29.471273
115.963746,28.643959
120.530260,31.369951
106.437120,29.500396
118.739590,32.220612
113.821293,22.808850
114.266893,30.549571
118.868350,31.682840
115.639993,22.944673
114.532176,38.071762
119.375066,25.897963
116.680083,23.378113
110.396600,23.545502
113.944887,22.762519
103.944486,30.602535
112.916473,28.230905
105.052260,29.577734
119.482095,28.445184
121.533424,38.861843
116.813623,39.956310
114.526096,36.607667
117.194441,39.119310
113.120663,29.374772
113.957449,22.538756
113.269283,23.120794
108.319767,22.815821
118.744591,32.056113
112.592240,26.883212
113.343404,23.113522
121.353181,31.221152
118.158336,24.476651
114.051585,22.565035
120.716854,31.360630
113.932411,22.487397
113.073411,22.867384
104.155334,30.823683
113.266326,23.092754
111.327992,30.679125
114.505573,38.043019
118.181296,24.532204
113.512211,23.148636
103.783353,36.065921
116.806626,39.945820
110.319271,25.241691
120.554555,31.262598
120.656592,31.140213
118.115895,24.470424
117.666904,39.015462
116.669282,39.882462
114.082915,22.570658
116.252181,32.650580
120.900653,31.341870
114.414744,23.104030
117.390295,31.932012
118.634096,32.064796
121.482714,31.157330
103.978315,30.724774
118.058943,36.790114
119.574550,39.953422
117.202241,39.127501
109.114940,21.473567
113.637993,34.868202
120.099652,30.864243
113.288590,23.228101
113.358223,23.262119
120.860795,28.038353
122.146553,40.242301
114.033456,32.975861
111.964622,21.851162
118.785794,32.023100
116.963833,36.649111
120.208138,30.243173
120.721961,27.984966
120.973671,31.354661
130.987461,45.305212
103.771032,36.068816
108.931893,34.162376
118.074131,24.635738
116.394219,39.999948
121.468854,31.205773
113.382992,22.511283
116.598071,39.926154
114.574855,30.667787
118.311792,32.303056
118.079661,24.455163
103.738365,29.619941
104.095954,30.621405
121.230815,31.016044
113.296560,23.069379
106.097041,30.769403
115.917338,28.663212
114.141682,22.615860
114.185683,22.637027
118.800191,32.087521
113.573039,30.940416
117.197673,39.100194
121.521213,31.289790
118.045436,36.753224
117.124858,39.236146
117.194844,31.853404
114.404843,30.506395
118.728922,32.132973
113.360150,22.483157
112.396203,28.563525
117.302123,31.741001
114.031445,30.580163
112.920113,27.831205
103.911595,30.603831
118.392463,35.077255
113.284723,23.114343
118.115222,34.032193
121.393063,31.200082
116.423915,39.992191
117.650332,24.512321
112.184504,22.939523
116.985454,36.657832
126.552952,43.842723
113.494479,22.854113
117.407383,40.042471
120.267551,32.018291
112.897300,28.191150
119.321560,26.042770
115.034724,31.174644
120.145505,30.277824
104.033177,30.492427
113.256931,22.673202
121.524213,31.225533
113.248375,23.114841
113.310824,23.118334
113.295659,23.334416
113.242862,23.205692
121.568993,29.864592
113.882463,22.989092
114.486921,38.043741
120.591875,31.214510
106.521551,29.595121
121.163041,31.288065
113.321622,23.078223
114.155001,22.604874
112.976910,28.194914
121.527092,31.211562
120.155641,33.346903
113.031935,23.705064
118.730515,31.953286
123.380772,41.796312
121.530744,31.206420
117.239541,39.116632
120.608079,28.013713
120.207624,30.238306
114.127366,22.676987
112.885952,22.896314
113.005250,22.835216
113.940408,22.993800
113.283402,23.123464
111.070652,32.474382
112.607563,37.791711
120.951752,31.356739
113.631654,28.140491
116.136844,24.271753
121.395031,31.056537
116.326348,39.788078
118.793824,32.087314
114.556996,38.042966
109.825510,40.629375
121.388804,31.086483
121.628622,29.792135
121.545438,38.975747
121.464452,31.218864
123.422214,41.691195
116.546685,40.070143
118.097942,24.467931
118.079380,24.461552
108.988022,34.203843
116.463303,40.001303
123.699434,41.817575
123.210407,41.258786
104.078769,30.655692
121.738282,31.063335
104.919100,25.103248
116.413343,39.915075
