orderid,bikeid,userid,start_time,start_location_x,start_location_y,end_time,end_location_x,end_location_y
1526813,3,8502,2016-08-19 21:41,121.52175,31.28994,2016-08-19 22:01,121.51316,31.30762
720944,6,9320,2016-08-10 21:16,121.51242,31.307,2016-08-10 21:20,121.51041,31.30302
1638542,13,1214,2016-08-16 23:12,121.51888,31.31379,2016-08-16 23:14,121.51932,31.31483
527414,13,4320,2016-08-14 10:51,121.51995,31.31295,2016-08-14 10:56,121.51482,31.30784
584343,22,12496,2016-08-11 13:05,121.47293,31.1975,2016-08-11 13:17,121.46474,31.20208
930318,25,1766,2016-08-22 09:24,121.47392,31.2195,2016-08-22 09:45,121.46251,31.20247
1650163,26,3005,2016-08-30 19:51,121.4654,31.19808,2016-08-30 20:10,121.44958,31.17128
1402852,34,6991,2016-08-28 17:26,121.38797,31.18538,2016-08-28 17:42,121.38978,31.17323
425478,34,6206,2016-08-07 18:45,121.39179,31.17487,2016-08-07 18:51,121.39592,31.17016
1342208,38,5798,2016-08-16 18:15,121.51319,31.30688,2016-08-16 18:18,121.51323,31.30334
762712,45,3177,2016-08-22 08:34,121.45929,31.19595,2016-08-22 08:48,121.47452,31.20565
26740,45,1513,2016-08-02 08:31,121.45845,31.19465,2016-08-02 08:46,121.47362,31.20491
146651,45,7552,2016-08-20 08:37,121.45859,31.19541,2016-08-20 08:52,121.47332,31.20427
268498,45,7674,2016-08-11 08:16,121.4582,31.19456,2016-08-11 08:44,121.48555,31.20985
105753,50,7094,2016-08-20 07:38,121.45846,31.19282,2016-08-20 07:50,121.46336,31.21168
795197,71,9352,2016-08-21 20:04,121.45662,31.1853,2016-08-21 20:12,121.45831,31.1917
670654,74,6541,2016-08-24 07:32,121.43059,31.26129,2016-08-24 07:52,121.43709,31.23961
276230,80,3490,2016-08-10 11:22,121.43942,31.15099,2016-08-10 11:48,121.43515,31.15184
246197,82,15769,2016-08-25 08:33,121.46166,31.19518,2016-08-25 08:43,121.44948,31.19721
447379,86,14193,2016-08-20 14:56,121.47006,31.20599,2016-08-20 15:31,121.47223,31.19851
889949,87,12143,2016-08-17 10:13,121.45555,31.19882,2016-08-17 10:27,121.44106,31.18839
458214,88,3276,2016-08-08 09:34,121.42813,31.19208,2016-08-08 09:59,121.46073,31.18869
152347,91,7431,2016-08-07 10:30,121.45813,31.19692,2016-08-07 11:20,121.47889,31.22648
910865,98,5283,2016-08-15 16:41,121.44373,31.19005,2016-08-15 17:06,121.46345,31.19688
1724903,98,15755,2016-08-24 16:57,121.45848,31.19254,2016-08-24 17:03,121.46529,31.19643
96376,105,4184,2016-08-25 07:12,121.45446,31.19188,2016-08-25 07:17,121.45678,31.196
90054,124,12846,2016-08-14 00:54,121.4701,31.2029,2016-08-14 00:59,121.46669,31.19606
1680875,128,7319,2016-08-28 20:36,121.4441,31.18053,2016-08-28 21:03,121.4558,31.18726
889926,131,13887,2016-08-17 10:13,121.46343,31.19209,2016-08-17 10:14,121.46151,31.19693
1667830,140,13680,2016-08-28 20:03,121.45894,31.19022,2016-08-28 20:08,121.46267,31.19262
1090689,140,2258,2016-08-05 23:13,121.4883,31.26532,2016-08-05 23:19,121.4832,31.26458
1663159,140,16590,2016-08-30 20:16,121.50147,31.20806,2016-08-30 21:11,121.45993,31.19204
1454326,140,1738,2016-08-19 20:24,121.4858,31.26781,2016-08-19 20:27,121.47997,31.26831
1770686,145,3959,2016-08-24 19:53,121.45807,31.19282,2016-08-24 20:07,121.44268,31.18516
69538,146,5551,2016-08-21 05:51,121.4389,31.18829,2016-08-21 06:00,121.45279,31.195
1613741,146,12216,2016-08-13 23:10,121.4497,31.19102,2016-08-13 23:18,121.44004,31.18995
1717246,149,15869,2016-08-31 20:49,121.46347,31.19655,2016-08-31 21:14,121.46045,31.20372
1062676,154,8998,2016-08-05 22:29,121.46961,31.20265,2016-08-05 22:35,121.46797,31.20033
436153,156,11700,2016-08-27 10:29,121.49863,31.25958,2016-08-27 11:06,121.51358,31.30747
1778226,156,1792,2016-08-26 19:39,121.51411,31.30491,2016-08-26 20:16,121.48844,31.25913
1528789,156,7094,2016-08-16 20:20,121.51344,31.30661,2016-08-16 20:24,121.51363,31.30345
928334,168,15973,2016-08-21 23:11,121.4605,31.21033,2016-08-21 23:21,121.46363,31.19363
141062,170,5128,2016-08-02 10:46,121.45692,31.19042,2016-08-02 10:49,121.45976,31.18967
1182474,170,2909,2016-08-16 16:41,121.39434,31.25938,2016-08-16 16:55,121.38671,31.2685
1094313,173,7614,2016-08-26 08:44,121.50762,31.28262,2016-08-26 09:00,121.51357,31.26558
1074775,174,10652,2016-08-23 14:44,121.52244,31.17832,2016-08-23 14:49,121.5241,31.18669
111996,177,8361,2016-08-07 09:00,121.4673,31.19606,2016-08-07 09:07,121.45663,31.19833
227066,182,11812,2016-08-15 07:36,121.46663,31.19482,2016-08-15 08:03,121.47553,31.22086
261834,189,6679,2016-08-07 14:53,121.51724,31.27557,2016-08-07 15:06,121.52396,31.28361
682009,192,5299,2016-08-10 20:23,121.42278,31.2144,2016-08-10 20:32,121.41052,31.21163
205695,195,13900,2016-08-21 09:39,121.46704,31.19334,2016-08-21 09:48,121.45746,31.19835
658441,197,2775,2016-08-02 21:56,121.45515,31.19646,2016-08-02 21:59,121.45405,31.189
844628,199,9311,2016-08-20 20:33,121.43328,31.15202,2016-08-20 20:37,121.43718,31.14545
1534903,201,13088,2016-08-17 19:40,121.46666,31.19647,2016-08-17 19:55,121.47196,31.21287
1608307,207,3655,2016-08-14 23:27,121.45967,31.19692,2016-08-14 23:43,121.44661,31.18614
1440175,212,1264,2016-08-12 23:14,121.47819,31.27046,2016-08-12 23:24,121.46762,31.27477
78630,215,11468,2016-08-16 06:17,121.47226,31.18865,2016-08-16 06:47,121.45189,31.19473
1126527,217,10912,2016-08-30 13:28,121.45035,31.20707,2016-08-30 13:43,121.46943,31.22306
1260282,219,11324,2016-08-12 17:50,121.50223,31.30617,2016-08-12 17:56,121.51381,31.30644
1491275,228,8525,2016-08-31 17:46,121.4282,31.19856,2016-08-31 18:12,121.45908,31.20683
900460,232,1966,2016-08-20 21:31,121.46351,31.19242,2016-08-20 21:37,121.4573,31.19156
584512,234,10749,2016-08-11 13:11,121.45712,31.21525,2016-08-11 13:20,121.44411,31.21623
1739379,237,9636,2016-08-26 17:19,121.42942,31.19118,2016-08-26 17:23,121.43708,31.19477
814601,239,7084,2016-08-09 18:51,121.46272,31.1939,2016-08-09 18:55,121.46058,31.19821
609461,241,14496,2016-08-22 08:07,121.47042,31.24056,2016-08-22 08:44,121.42282,31.21682
273590,241,11439,2016-08-25 08:48,121.47668,31.23926,2016-08-25 09:27,121.4222,31.21754
282576,244,3216,2016-08-20 11:16,121.45821,31.19254,2016-08-20 11:22,121.45869,31.19724
1516159,245,9935,2016-08-16 20:03,121.4639,31.19337,2016-08-16 20:25,121.46686,31.20643
469955,245,4969,2016-08-02 18:31,121.44267,31.18658,2016-08-02 18:56,121.46168,31.19466
1597218,245,9285,2016-08-06 18:24,121.46758,31.1936,2016-08-06 18:39,121.46158,31.20278
851194,245,12207,2016-08-18 20:57,121.46445,31.19349,2016-08-18 21:24,121.46632,31.19465
950780,247,6906,2016-08-31 11:53,121.48027,31.23255,2016-08-31 12:22,121.48728,31.20128
1312587,248,10209,2016-08-23 19:41,121.44214,31.18585,2016-08-23 19:52,121.44733,31.17301
390280,249,12532,2016-08-13 08:44,121.4437,31.22331,2016-08-13 09:01,121.44614,31.22607
471890,255,4290,2016-08-04 09:23,121.46372,31.19988,2016-08-04 09:25,121.46433,31.19826
1512744,257,12385,2016-08-14 20:36,121.4449,31.18993,2016-08-14 20:39,121.44773,31.19039
323224,259,1670,2016-08-11 08:38,121.45933,31.1921,2016-08-11 09:00,121.43136,31.19455
514601,259,2246,2016-08-19 08:37,121.45766,31.19013,2016-08-19 08:57,121.43226,31.19546
194193,259,11255,2016-08-10 08:47,121.45632,31.19182,2016-08-10 09:05,121.43137,31.19527
366394,266,8918,2016-08-05 16:12,121.48771,31.22952,2016-08-05 16:18,121.48366,31.23564
700508,277,6087,2016-08-30 09:14,121.31957,31.13736,2016-08-30 09:34,121.29339,31.14003
513775,279,10637,2016-08-13 09:47,121.41121,31.15357,2016-08-13 10:03,121.40653,31.13678
309268,284,6185,2016-08-15 08:09,121.51964,31.27387,2016-08-15 08:22,121.52258,31.27543
128161,287,7987,2016-08-03 09:09,121.45405,31.19046,2016-08-03 09:12,121.4488,31.18894
241607,292,1984,2016-08-20 10:21,121.45669,31.1849,2016-08-20 10:36,121.4582,31.18516
1683973,295,548,2016-08-28 20:53,121.48836,31.2021,2016-08-28 21:08,121.46675,31.20073
463930,297,9310,2016-08-27 10:43,121.46822,31.20082,2016-08-27 11:03,121.45949,31.19118
144386,298,2127,2016-08-14 06:35,121.42947,31.18963,2016-08-14 07:28,121.45503,31.18631
356700,300,7899,2016-08-21 12:25,121.33707,31.16492,2016-08-21 12:32,121.33532,31.15431
1040837,305,5602,2016-08-08 17:52,121.4264,31.18284,2016-08-08 18:11,121.44329,31.16921
58191,305,3763,2016-08-24 00:00,121.42476,31.168,2016-08-24 00:09,121.42657,31.18281
869980,308,16708,2016-08-23 11:37,121.45448,31.20197,2016-08-23 11:43,121.45645,31.19661
666522,311,2390,2016-08-23 09:36,121.45822,31.19031,2016-08-23 09:53,121.4563,31.21475
958595,312,15895,2016-08-28 13:34,121.45651,31.17375,2016-08-28 13:40,121.45835,31.16607
205551,312,8418,2016-08-25 08:16,121.45769,31.17421,2016-08-25 08:22,121.45748,31.16765
244533,317,11193,2016-08-27 08:47,121.46144,31.19666,2016-08-27 09:05,121.44254,31.18797
1641157,319,7951,2016-08-30 19:37,121.4525,31.19479,2016-08-30 19:52,121.43804,31.19487
1499090,321,5602,2016-08-06 10:35,121.34868,31.28171,2016-08-06 10:40,121.34373,31.27837
633841,322,4291,2016-08-02 21:26,121.46078,31.20181,2016-08-02 21:32,121.46439,31.19768
647647,339,1073,2016-08-22 08:10,121.45006,31.19287,2016-08-22 08:18,121.46402,31.19572
1117583,342,377,2016-08-19 17:29,121.41633,31.17084,2016-08-19 17:46,121.44015,31.17842
366157,346,6589,2016-08-05 16:04,121.45529,31.19686,2016-08-05 16:09,121.45975,31.2006
1793266,350,17306,2016-08-26 20:50,121.45757,31.19608,2016-08-26 21:00,121.45609,31.18413
184733,355,3540,2016-08-14 07:10,121.42187,31.14305,2016-08-14 07:22,121.41341,31.14164
972784,356,12165,2016-08-12 07:17,121.47057,31.20408,2016-08-12 07:32,121.46074,31.19134
792465,358,679,2016-08-28 12:24,121.48817,31.20778,2016-08-28 12:27,121.48673,31.20165
767735,359,6981,2016-08-16 10:23,121.48606,31.25245,2016-08-16 10:50,121.48768,31.2606
1385965,359,13931,2016-08-19 19:36,121.48244,31.2392,2016-08-19 19:51,121.48795,31.25798
132939,359,5396,2016-08-20 08:19,121.48823,31.25886,2016-08-20 08:36,121.48446,31.23813
552178,367,8131,2016-08-02 19:39,121.46237,31.19547,2016-08-02 20:39,121.46227,31.18388
50164,369,10719,2016-08-11 00:46,121.46232,31.19717,2016-08-11 00:52,121.45865,31.193
182130,370,5654,2016-08-03 09:57,121.45577,31.18939,2016-08-03 10:01,121.45948,31.18857
1258381,374,278,2016-08-23 18:36,121.45891,31.18949,2016-08-23 18:41,121.46262,31.19254
1313080,382,15508,2016-08-31 16:21,121.45588,31.19588,2016-08-31 16:32,121.45534,31.18662
574925,382,4974,2016-08-09 16:43,121.45537,31.19612,2016-08-09 16:53,121.45581,31.18509
544146,384,4801,2016-08-17 08:14,121.44561,31.17913,2016-08-17 08:26,121.45592,31.19059
939728,387,9791,2016-08-26 08:17,121.45982,31.27448,2016-08-26 08:26,121.46959,31.26317
896651,387,15055,2016-08-22 09:11,121.4566,31.22539,2016-08-22 09:14,121.45445,31.22391
276529,392,6770,2016-08-10 11:34,121.47323,31.21901,2016-08-10 11:57,121.46659,31.19385
1036332,392,4184,2016-08-23 13:53,121.46954,31.21823,2016-08-23 14:05,121.46778,31.20797
1337112,394,7642,2016-08-12 19:24,121.44234,31.18519,2016-08-12 20:14,121.46207,31.17993
889536,394,12827,2016-08-20 21:20,121.4636,31.17923,2016-08-20 21:35,121.44601,31.18795
1371346,394,11263,2016-08-15 21:47,121.46304,31.18078,2016-08-15 21:53,121.45317,31.1822
721315,394,10963,2016-08-10 21:24,121.46315,31.18016,2016-08-10 21:53,121.44176,31.1841
724442,400,14531,2016-08-22 08:28,121.41728,31.16775,2016-08-22 08:36,121.41375,31.18596
279477,400,4597,2016-08-04 07:53,121.4342,31.17945,2016-08-04 08:07,121.41214,31.18478
1161799,403,8060,2016-08-22 11:38,121.46475,31.19979,2016-08-22 11:46,121.46942,31.20697
763031,404,5025,2016-08-22 08:37,121.46944,31.21052,2016-08-22 08:46,121.47432,31.21598
98572,406,4363,2016-08-10 07:14,121.45922,31.19447,2016-08-10 07:16,121.46128,31.19253
1431588,424,16479,2016-08-23 23:14,121.44338,31.18793,2016-08-23 23:25,121.4624,31.19732
943276,425,824,2016-08-19 15:12,121.50857,31.29502,2016-08-19 15:32,121.50358,31.30454
116765,432,6330,2016-08-14 01:31,121.42936,31.20398,2016-08-14 01:47,121.42162,31.21115
1178506,442,6886,2016-08-04 22:16,121.4882,31.30434,2016-08-04 22:25,121.49107,31.31572
967407,449,8323,2016-08-16 12:57,121.36308,31.12467,2016-08-16 13:02,121.3618,31.11839
1310001,454,11339,2016-08-11 23:48,121.50085,31.22553,2016-08-12 00:32,121.47754,31.2026
1661828,454,5012,2016-08-28 19:57,121.45715,31.20997,2016-08-28 20:42,121.47568,31.1996
1539124,459,14998,2016-08-19 22:00,121.46473,31.20693,2016-08-19 22:11,121.463,31.21698
920216,462,4580,2016-08-13 14:05,121.34804,31.281,2016-08-13 14:12,121.35173,31.2788
335900,464,1745,2016-08-30 07:46,121.45376,31.19076,2016-08-30 07:59,121.43808,31.19382
481333,467,8511,2016-08-07 19:43,121.46271,31.21285,2016-08-07 20:13,121.44141,31.22859
382045,468,10791,2016-08-09 12:13,121.48654,31.23299,2016-08-09 12:19,121.48407,31.23883
1247585,474,15949,2016-08-19 18:22,121.47541,31.19945,2016-08-19 18:36,121.46,31.19163
1583943,478,14604,2016-08-19 23:27,121.41966,31.1563,2016-08-19 23:29,121.41699,31.15407
19922,480,7150,2016-08-25 01:20,121.46996,31.21024,2016-08-25 01:31,121.46082,31.19631
3973,480,8029,2016-08-09 01:37,121.47002,31.2115,2016-08-09 01:41,121.46912,31.21761
676998,482,7062,2016-08-17 08:42,121.34888,31.21056,2016-08-17 08:56,121.35101,31.2211
42721,485,1751,2016-08-25 14:10,121.46883,31.19913,2016-08-25 14:17,121.46003,31.20156
581012,485,5965,2016-08-18 17:50,121.46709,31.19896,2016-08-18 17:55,121.46479,31.19383
285711,493,16629,2016-08-27 09:12,121.53516,31.31826,2016-08-27 09:26,121.53143,31.30902
1736626,494,14286,2016-08-26 17:11,121.45836,31.16048,2016-08-26 17:18,121.45491,31.15447
334794,497,3898,2016-08-01 11:16,121.46115,31.19733,2016-08-01 11:22,121.45446,31.19631
209769,497,2156,2016-08-03 11:18,121.45597,31.19742,2016-08-03 11:22,121.46011,31.1983
312486,499,17309,2016-08-27 09:15,121.46396,31.19314,2016-08-27 09:30,121.44943,31.18696
1717214,502,3228,2016-08-31 20:49,121.37598,31.31612,2016-08-31 20:58,121.37741,31.30916
1099413,504,5378,2016-08-17 13:11,121.49537,31.38237,2016-08-17 13:27,121.49977,31.39861
1170447,516,11985,2016-08-14 17:29,121.44848,31.18354,2016-08-14 17:35,121.45507,31.18649
1335275,522,55,2016-08-23 20:05,121.41446,31.1988,2016-08-23 20:24,121.42699,31.18384
267137,524,1196,2016-08-14 08:35,121.45936,31.19193,2016-08-14 08:41,121.46023,31.20078
775575,528,6594,2016-08-01 18:10,121.51744,31.3027,2016-08-01 18:16,121.51348,31.30684
292054,528,6762,2016-08-18 10:58,121.51581,31.30467,2016-08-18 11:00,121.51352,31.30765
456173,530,3943,2016-08-03 17:45,121.40905,31.26619,2016-08-03 17:53,121.41018,31.27224
244116,531,10004,2016-08-29 09:09,121.37865,31.1215,2016-08-29 09:19,121.38362,31.11191
374064,532,1423,2016-08-03 16:53,121.45504,31.18909,2016-08-03 16:59,121.45999,31.19161
407320,532,8425,2016-08-05 16:43,121.42202,31.29069,2016-08-05 16:59,121.42226,31.28259
699229,532,2462,2016-08-01 17:45,121.45128,31.17227,2016-08-02 18:56,121.45869,31.19274
1115903,533,6059,2016-08-01 22:01,121.45691,31.18304,2016-08-01 22:13,121.44513,31.1792
538915,534,5899,2016-08-03 18:34,121.34559,31.28125,2016-08-03 18:53,121.33349,31.29295
1748324,537,8263,2016-08-24 18:18,121.46568,31.19771,2016-08-24 18:25,121.46389,31.19364
1031417,539,7589,2016-08-01 20:37,121.45887,31.19259,2016-08-01 20:42,121.46093,31.18863
278732,543,5057,2016-08-18 10:40,121.5136,31.29979,2016-08-18 10:49,121.50805,31.2961
905039,543,16720,2016-08-25 18:42,121.54475,31.21707,2016-08-25 18:53,121.565,31.22672
919796,546,4028,2016-08-04 19:25,121.50254,31.15773,2016-08-04 19:47,121.49219,31.14851
874449,551,4761,2016-08-01 18:48,121.44486,31.18619,2016-08-01 19:13,121.46085,31.19635
708246,560,11443,2016-08-10 21:03,121.45105,31.18429,2016-08-10 21:15,121.46064,31.19249
1376421,562,15853,2016-08-22 18:06,121.44042,31.17723,2016-08-22 19:16,121.44135,31.18508
1322436,564,12372,2016-08-22 17:05,121.42319,31.19738,2016-08-22 17:23,121.42269,31.21558
265510,569,5512,2016-08-01 08:56,121.44589,31.18885,2016-08-01 08:59,121.44868,31.18771
12936,574,16098,2016-08-25 08:21,121.46518,31.1931,2016-08-25 08:27,121.46398,31.19946
1386402,574,11295,2016-08-15 22:22,121.46056,31.20247,2016-08-15 22:30,121.4653,31.19444
74632,577,7944,2016-08-01 07:27,121.47322,31.20575,2016-08-01 07:41,121.45893,31.19644
1566422,580,12422,2016-08-13 21:27,121.43589,31.1828,2016-08-13 21:57,121.44671,31.18903
848514,584,12692,2016-08-23 11:35,121.37749,31.26024,2016-08-23 11:43,121.3699,31.25259
914177,586,16210,2016-08-28 13:15,121.55702,31.27067,2016-08-28 13:45,121.55304,31.27324
1457730,589,3698,2016-08-06 02:44,121.46142,31.19701,2016-08-06 03:05,121.47394,31.2218
232934,596,14110,2016-08-21 10:07,121.45985,31.19682,2016-08-21 10:17,121.47474,31.20279
1658701,598,9228,2016-08-30 20:04,121.34428,31.28955,2016-08-30 20:10,121.34837,31.28029
223275,600,1601,2016-08-02 13:52,121.48704,31.27561,2016-08-02 14:39,121.46897,31.25357
346391,600,650,2016-08-03 16:02,121.4891,31.27579,2016-08-03 16:09,121.49259,31.2706
1801426,603,16349,2016-08-26 21:46,121.38387,31.10013,2016-08-26 21:52,121.38749,31.09103
690496,603,12526,2016-08-16 09:36,121.49041,31.20072,2016-08-16 09:40,121.49489,31.20365
1369869,603,8573,2016-08-13 18:57,121.47993,31.15354,2016-08-13 19:05,121.4775,31.15333
1240512,611,12863,2016-08-15 19:19,121.41971,31.19788,2016-08-15 19:29,121.42396,31.20616
788072,614,12048,2016-08-30 09:54,121.52244,31.26515,2016-08-30 10:02,121.51674,31.27383
1536021,615,7894,2016-08-06 14:17,121.45127,31.19885,2016-08-06 14:50,121.45911,31.21657
667132,615,10354,2016-08-23 09:44,121.4419,31.19148,2016-08-23 10:07,121.45408,31.20523
120011,624,4909,2016-08-05 11:55,121.46596,31.19824,2016-08-05 12:00,121.47058,31.20163
1033112,625,12438,2016-08-15 17:47,121.50365,31.2219,2016-08-15 17:53,121.49825,31.21733
140091,626,8797,2016-08-10 08:06,121.4928,31.26276,2016-08-10 08:15,121.49958,31.26935
464813,626,7103,2016-08-09 14:01,121.45015,31.1784,2016-08-09 14:11,121.45641,31.18691
1043609,626,11445,2016-08-17 12:39,121.43073,31.29446,2016-08-17 12:45,121.43606,31.29722
792902,632,6484,2016-08-09 18:31,121.37647,31.15717,2016-08-09 18:45,121.37559,31.16196
136343,636,7937,2016-08-09 08:27,121.45624,31.1064,2016-08-09 09:24,121.43415,31.18556
1680417,636,10187,2016-08-26 15:00,121.43608,31.18666,2016-08-26 15:08,121.44191,31.19368
362069,636,7853,2016-08-04 08:28,121.4584,31.10797,2016-08-04 09:20,121.43722,31.18673
453899,640,9271,2016-08-07 19:15,121.474,31.21738,2016-08-07 19:21,121.47173,31.22137
1241323,646,7822,2016-08-27 17:19,121.44371,31.25181,2016-08-27 17:42,121.43845,31.2361
699802,650,6762,2016-08-08 13:38,121.40417,31.19315,2016-08-08 13:47,121.39305,31.19398
526741,651,8096,2016-08-22 07:51,121.39369,31.10369,2016-08-22 11:58,121.4074,31.11675
1170924,654,11966,2016-08-14 17:35,121.40117,31.2326,2016-08-14 17:46,121.41102,31.23016
225546,660,13001,2016-08-14 07:47,121.46471,31.19996,2016-08-14 08:04,121.44476,31.21416
212653,660,10322,2016-08-19 06:40,121.46115,31.20024,2016-08-19 06:47,121.45762,31.21047
1235247,661,135,2016-08-23 18:16,121.48697,31.20499,2016-08-23 18:39,121.48171,31.21162
1664825,667,9676,2016-08-06 23:39,121.45693,31.20508,2016-08-06 23:49,121.47054,31.20439
633697,667,8531,2016-08-02 21:19,121.45762,31.20563,2016-08-02 21:26,121.46346,31.20072
1522546,669,2393,2016-08-17 19:27,121.44719,31.32415,2016-08-17 19:30,121.45084,31.32571
821090,671,11279,2016-08-15 14:55,121.47035,31.20988,2016-08-15 15:00,121.46521,31.20973
1360027,678,11938,2016-08-12 19:59,121.48669,31.21085,2016-08-12 20:05,121.48248,31.20661
597340,680,5169,2016-08-30 08:48,121.54175,31.32486,2016-08-30 08:54,121.53145,31.32174
1413483,680,4692,2016-08-22 18:36,121.46943,31.20759,2016-08-22 19:05,121.48055,31.22946
682629,680,5479,2016-08-10 20:33,121.51085,31.31673,2016-08-10 22:30,121.49516,31.31012
1148242,680,10658,2016-08-28 15:17,121.55134,31.27836,2016-08-28 15:23,121.55749,31.27194
391588,681,5558,2016-08-11 09:16,121.46914,31.21234,2016-08-11 09:18,121.46637,31.2079
305124,681,8337,2016-08-02 16:18,121.46982,31.20941,2016-08-02 16:59,121.48939,31.23924
1134236,686,3422,2016-08-13 16:30,121.46879,31.2174,2016-08-13 16:41,121.4661,31.20999
458522,687,4695,2016-08-08 09:43,121.47569,31.20838,2016-08-08 09:48,121.48287,31.20322
388857,695,1988,2016-08-04 08:32,121.39908,31.20012,2016-08-04 08:37,121.3973,31.20239
244284,695,4551,2016-08-27 08:44,121.4005,31.20131,2016-08-27 08:49,121.39522,31.20364
399299,695,3902,2016-08-10 16:04,121.39695,31.20336,2016-08-10 16:09,121.39011,31.20265
1781319,699,16149,2016-08-26 19:51,121.44564,31.25724,2016-08-26 20:02,121.44878,31.25989
1734203,699,4137,2016-08-31 22:43,121.43937,31.26635,2016-08-31 22:49,121.44758,31.25941
453438,703,8140,2016-08-10 17:22,121.47068,31.20901,2016-08-10 17:35,121.46334,31.19973
261001,706,4818,2016-08-21 10:47,121.44523,31.22143,2016-08-21 11:20,121.43673,31.24104
810303,707,3530,2016-08-11 17:08,121.47433,31.20379,2016-08-11 17:35,121.46604,31.20601
368615,707,12259,2016-08-23 08:05,121.46977,31.20582,2016-08-23 08:13,121.47635,31.19983
1336760,713,2376,2016-08-12 19:20,121.58019,31.25557,2016-08-12 19:53,121.58857,31.28986
485766,716,11060,2016-08-14 10:15,121.46872,31.23775,2016-08-14 10:28,121.47068,31.24125
193239,717,9836,2016-08-07 12:10,121.45049,31.19313,2016-08-07 12:12,121.45297,31.19461
23184,720,1514,2016-08-03 07:37,121.46055,31.19741,2016-08-03 07:49,121.46647,31.20905
1136049,724,4827,2016-08-11 19:49,121.4601,31.25657,2016-08-11 19:53,121.46512,31.25685
772830,724,9097,2016-08-10 23:22,121.46768,31.24794,2016-08-10 23:30,121.46445,31.25678
120294,726,9332,2016-08-05 12:10,121.44379,31.20834,2016-08-05 12:23,121.46571,31.21328
182153,729,2776,2016-08-03 09:58,121.47166,31.2095,2016-08-03 10:03,121.47449,31.20226
1549664,732,12677,2016-08-14 21:20,121.4704,31.20354,2016-08-14 21:30,121.48227,31.20457
1079470,736,8972,2016-08-19 17:08,121.47464,31.2153,2016-08-19 17:17,121.47967,31.22402
832690,738,12220,2016-08-11 17:24,121.49846,31.25671,2016-08-11 17:28,121.5042,31.25904
1586185,744,2875,2016-08-06 17:41,121.45239,31.17723,2016-08-06 17:53,121.45824,31.16727
1649934,745,196,2016-08-30 19:49,121.47167,31.20153,2016-08-30 20:29,121.46223,31.19555
837506,746,16724,2016-08-25 18:05,121.53175,31.20064,2016-08-25 18:17,121.52713,31.21077
464341,746,7870,2016-08-09 13:43,121.55149,31.20857,2016-08-09 13:52,121.54264,31.20245
1585275,748,5586,2016-08-16 21:17,121.44505,31.223,2016-08-16 21:29,121.44615,31.2363
1658403,751,15481,2016-08-27 23:01,121.45485,31.26318,2016-08-27 23:09,121.45931,31.25711
468879,755,12526,2016-08-31 08:22,121.4534,31.276,2016-08-31 08:31,121.43843,31.27867
807518,756,6658,2016-08-01 18:18,121.42725,31.18667,2016-08-01 18:37,121.46059,31.18823
1554040,756,8386,2016-08-06 15:35,121.45937,31.19239,2016-08-06 15:56,121.42597,31.18219
623358,757,10231,2016-08-08 12:33,121.43721,31.27875,2016-08-08 12:46,121.45241,31.27938
1046082,767,3374,2016-08-09 22:19,121.47403,31.32269,2016-08-09 22:25,121.47277,31.33088
527923,779,12180,2016-08-30 08:29,121.4537,31.33123,2016-08-30 08:38,121.44028,31.32992
463447,782,15862,2016-08-27 10:37,121.40323,31.19592,2016-08-27 10:47,121.4075,31.20547
319142,792,1786,2016-08-03 15:18,121.46903,31.20944,2016-08-03 15:24,121.47362,31.21082
1581509,799,3210,2016-08-06 17:33,121.43733,31.19101,2016-08-06 17:56,121.44562,31.22049
854424,812,4186,2016-08-19 13:07,121.46957,31.21215,2016-08-19 13:14,121.46695,31.20224
138011,815,10867,2016-08-21 08:29,121.46941,31.2098,2016-08-21 08:40,121.4758,31.21549
1297364,815,3113,2016-08-23 19:20,121.46841,31.20954,2016-08-23 19:27,121.47425,31.21632
702494,815,5595,2016-08-20 18:36,121.36429,31.18141,2016-08-20 18:45,121.36996,31.17796
1032971,815,12237,2016-08-15 17:45,121.47036,31.21185,2016-08-15 17:50,121.47371,31.21429
754263,818,9413,2016-08-05 18:42,121.46963,31.20646,2016-08-05 18:59,121.46811,31.19561
966898,821,1019,2016-08-16 12:42,121.47952,31.20372,2016-08-16 12:44,121.48235,31.20295
629014,821,10433,2016-08-09 17:18,121.4811,31.20172,2016-08-09 17:35,121.473,31.2221
1182533,821,7568,2016-08-16 16:42,121.48244,31.20257,2016-08-16 16:45,121.47904,31.20303
31619,823,6615,2016-08-01 01:13,121.4726,31.20112,2016-08-01 01:21,121.46599,31.20695
1009743,826,13650,2016-08-25 19:57,121.45319,31.20093,2016-08-25 20:11,121.46644,31.20095
1696073,831,11641,2016-08-24 15:03,121.48375,31.20779,2016-08-24 15:16,121.49284,31.20135
901213,832,9317,2016-08-16 12:01,121.31253,31.20252,2016-08-16 12:20,121.31829,31.1895
1229264,833,10904,2016-08-12 17:04,121.4707,31.209,2016-08-12 17:45,121.46452,31.2013
1604547,834,228,2016-08-27 21:39,121.43425,31.28593,2016-08-27 21:47,121.44317,31.28091
461181,836,12122,2016-08-20 15:10,121.45147,31.17125,2016-08-20 15:16,121.44714,31.17432
757293,841,1647,2016-08-23 10:24,121.43056,31.01623,2016-08-23 10:28,121.42766,31.02214
1788794,859,2762,2016-08-26 20:30,121.48764,31.24068,2016-08-26 20:55,121.46873,31.25738
1501741,861,14232,2016-08-27 20:10,121.41363,31.27193,2016-08-27 20:16,121.42196,31.27485
1706163,861,11441,2016-08-30 23:38,121.45664,31.20674,2016-08-30 23:48,121.46082,31.19724
1699924,862,7750,2016-08-30 22:37,121.46255,31.19674,2016-08-30 22:49,121.45672,31.20794
414670,862,8097,2016-08-02 17:56,121.46947,31.19596,2016-08-02 18:02,121.46105,31.19733
260938,865,2444,2016-08-21 18:46,121.48861,31.22013,2016-08-21 19:03,121.49313,31.20753
1708301,867,9492,2016-08-31 20:07,121.44547,31.33721,2016-08-31 20:09,121.44801,31.33883
48889,870,5930,2016-08-08 03:32,121.39078,31.2029,2016-08-08 04:26,121.44066,31.22694
665116,871,4651,2016-08-29 16:07,121.48679,31.20923,2016-08-29 16:21,121.48106,31.22511
294144,878,8818,2016-08-08 08:30,121.42361,31.21254,2016-08-08 09:12,121.42762,31.17639
1256408,881,6955,2016-08-15 19:33,121.56228,31.16063,2016-08-15 19:39,121.57205,31.15765
936677,885,7151,2016-08-28 13:28,121.41925,31.17994,2016-08-28 13:51,121.42777,31.18309
1493472,887,3798,2016-08-06 10:20,121.49598,31.21397,2016-08-06 10:38,121.49778,31.21126
1075046,887,15188,2016-08-25 21:03,121.49624,31.20923,2016-08-25 21:07,121.49456,31.21364
1225156,887,3399,2016-08-15 19:08,121.49483,31.21362,2016-08-15 19:18,121.4937,31.21469
54036,889,10571,2016-08-23 11:21,121.36299,31.13196,2016-08-23 11:32,121.37531,31.1276
213301,892,7755,2016-08-19 06:56,121.40154,31.12102,2016-08-19 07:00,121.39365,31.12094
82658,892,12290,2016-08-25 06:56,121.40408,31.12072,2016-08-25 07:02,121.39382,31.12037
35404,892,3459,2016-08-29 07:02,121.39739,31.12224,2016-08-29 07:05,121.39315,31.12016
1260731,895,6852,2016-08-12 17:56,121.4632,31.19385,2016-08-12 18:02,121.46362,31.19873
155975,896,12129,2016-08-18 08:29,121.44513,31.31918,2016-08-18 08:34,121.43992,31.32347
918485,901,11985,2016-08-18 22:51,121.41754,31.29366,2016-08-18 23:02,121.40043,31.29126
876990,906,8344,2016-08-11 17:39,121.41861,31.20579,2016-08-11 18:16,121.45602,31.19742
916213,911,14372,2016-08-25 18:49,121.37775,31.23209,2016-08-25 19:02,121.37786,31.24821
634831,911,8117,2016-08-04 11:55,121.47522,31.23269,2016-08-04 11:58,121.48274,31.23479
372599,913,870,2016-08-26 06:26,121.45966,31.32372,2016-08-26 06:39,121.44652,31.31887
1308312,914,8041,2016-08-14 18:47,121.4642,31.19493,2016-08-14 19:13,121.45788,31.19114
109199,915,9067,2016-08-09 08:14,121.44919,31.34122,2016-08-09 08:21,121.44227,31.34262
1738182,917,7942,2016-08-24 17:32,121.27418,31.16977,2016-08-24 17:39,121.28203,31.16825
1756245,917,7942,2016-08-24 18:45,121.28222,31.16796,2016-08-24 19:00,121.26608,31.17492
676586,919,3620,2016-08-20 18:17,121.44408,31.22379,2016-08-20 18:20,121.442,31.22917
242676,919,3118,2016-08-05 13:58,121.50736,31.30393,2016-08-05 14:15,121.51924,31.29048
684432,921,7959,2016-08-02 23:09,121.39515,31.15498,2016-08-02 23:21,121.39892,31.14995
47617,926,7447,2016-08-01 06:47,121.45861,31.19221,2016-08-01 06:50,121.45547,31.18966
63449,928,5338,2016-08-15 00:12,121.45782,31.23971,2016-08-15 00:23,121.45799,31.2378
1167178,930,6049,2016-08-28 15:27,121.42088,31.2841,2016-08-28 15:35,121.40745,31.28348
1294432,936,11357,2016-08-11 22:45,121.49415,31.26802,2016-08-11 23:17,121.50034,31.27397
1018671,937,16812,2016-08-23 13:46,121.47746,31.23187,2016-08-23 13:54,121.48338,31.23461
1657038,937,2421,2016-08-06 22:08,121.51816,31.31209,2016-08-06 22:29,121.53762,31.325
767575,947,10794,2016-08-16 10:17,121.46297,31.19147,2016-08-16 10:30,121.45997,31.20305
1160880,947,5458,2016-08-12 13:21,121.4616,31.19395,2016-08-12 13:31,121.45902,31.20415
1536405,948,7884,2016-08-22 22:21,121.49129,31.2794,2016-08-22 22:24,121.49329,31.27577
1581592,953,8182,2016-08-06 17:34,121.37563,31.24537,2016-08-06 17:56,121.34574,31.25855
1201863,953,7992,2016-08-08 18:47,121.36969,31.21741,2016-08-08 19:13,121.35939,31.2086
1462094,953,13536,2016-08-17 18:41,121.33623,31.24196,2016-08-17 18:53,121.34537,31.25705
175030,953,12182,2016-08-17 06:37,121.35944,31.20816,2016-08-17 06:44,121.3602,31.21646
1597352,957,6929,2016-08-06 18:27,121.4798,31.20162,2016-08-06 18:53,121.46692,31.18509
632823,961,7833,2016-08-31 09:05,121.47261,31.23698,2016-08-31 09:07,121.4765,31.23767
1098831,972,10602,2016-08-11 19:26,121.44852,31.22642,2016-08-11 20:15,121.46672,31.21408
275320,977,5859,2016-08-07 15:15,121.47765,31.21329,2016-08-07 15:34,121.44446,31.21014
1006187,980,4774,2016-08-05 21:22,121.46297,31.1964,2016-08-05 21:33,121.46345,31.19359
485073,981,13210,2016-08-22 07:38,121.47977,31.20733,2016-08-22 07:44,121.46898,31.20413
228114,982,11275,2016-08-20 10:09,121.46111,31.20224,2016-08-20 10:16,121.45595,31.20046
384239,988,14079,2016-08-21 12:53,121.45575,31.21478,2016-08-21 13:08,121.44148,31.23466
429552,988,2253,2016-08-18 15:16,121.41715,31.2183,2016-08-18 15:29,121.40786,31.22973
1562928,988,11782,2016-08-19 22:35,121.43969,31.2358,2016-08-19 22:57,121.45473,31.21179
701950,988,14754,2016-08-20 18:30,121.45398,31.21158,2016-08-20 18:50,121.48156,31.21263
1259979,988,16758,2016-08-26 09:49,121.45426,31.21118,2016-08-26 09:59,121.47218,31.22248
1104879,988,12106,2016-08-12 10:41,121.45366,31.21144,2016-08-12 10:54,121.47275,31.22217
1510958,990,9346,2016-08-06 11:39,121.47986,31.23917,2016-08-06 11:44,121.48666,31.23631
726721,990,5151,2016-08-11 15:27,121.46785,31.22939,2016-08-11 15:45,121.48685,31.23604
491798,990,8951,2016-08-09 14:19,121.48881,31.23546,2016-08-09 14:30,121.47522,31.23922
22699,992,5868,2016-08-03 07:25,121.4561,31.15662,2016-08-03 07:43,121.45947,31.15848
1134688,995,10513,2016-08-13 16:39,121.45223,31.18255,2016-08-13 16:51,121.43646,31.1823
60581,995,13785,2016-08-18 07:33,121.44937,31.18612,2016-08-18 07:38,121.45314,31.18974
390309,996,11337,2016-08-13 08:45,121.44438,31.18958,2016-08-13 08:55,121.45741,31.19661
923910,1000,11906,2016-08-17 11:03,121.48062,31.2005,2016-08-17 11:13,121.4689,31.19895
739767,1010,10866,2016-08-15 13:33,121.4824,31.22515,2016-08-15 13:46,121.48251,31.20994
334041,1014,1176,2016-08-01 10:17,121.48884,31.21082,2016-08-01 10:26,121.48133,31.2015
318997,1018,7638,2016-08-03 15:11,121.42455,31.19835,2016-08-03 15:19,121.42867,31.21049
291382,1018,7638,2016-08-03 14:03,121.42986,31.20306,2016-08-03 14:07,121.42587,31.19771
383873,1023,4166,2016-08-21 12:47,121.32217,31.29037,2016-08-21 12:51,121.32831,31.29274
1203811,1029,11841,2016-08-11 20:43,121.45112,31.17882,2016-08-11 20:56,121.453,31.19011
1642707,1033,12307,2016-08-17 21:46,121.43922,31.24998,2016-08-17 22:03,121.43791,31.25087
1574803,1033,9509,2016-08-16 21:03,121.441,31.23454,2016-08-16 21:35,121.43828,31.24749
476156,1034,7553,2016-08-16 08:35,121.48126,31.20359,2016-08-16 08:40,121.47883,31.2107
1630655,1034,5429,2016-08-16 22:33,121.4663,31.20366,2016-08-16 22:47,121.48281,31.20376
586266,1034,7262,2016-08-17 08:31,121.4811,31.20259,2016-08-17 08:35,121.47823,31.20997
538345,1034,7956,2016-08-03 18:23,121.4781,31.21039,2016-08-03 18:33,121.48207,31.20398
1428069,1034,9881,2016-08-08 21:18,121.47265,31.20652,2016-08-08 21:29,121.4812,31.20261
59854,1035,144,2016-08-02 09:13,121.44339,31.18177,2016-08-02 09:17,121.44149,31.18593
511154,1035,8319,2016-08-03 18:14,121.44106,31.1848,2016-08-03 18:26,121.45508,31.1858
249011,1036,11163,2016-08-10 10:07,121.46438,31.19899,2016-08-10 10:26,121.48219,31.20843
1669514,1036,11934,2016-08-26 14:38,121.46416,31.19827,2016-08-26 15:07,121.46931,31.19681
293337,1038,6127,2016-08-01 09:49,121.45023,31.29003,2016-08-01 09:55,121.44354,31.28877
416630,1039,5804,2016-08-01 12:51,121.44972,31.20485,2016-08-01 12:55,121.45022,31.20873
1801777,1052,4095,2016-08-26 21:50,121.48238,31.20524,2016-08-26 22:06,121.47455,31.20704
525133,1054,8500,2016-08-02 19:28,121.47384,31.21561,2016-08-02 19:59,121.48957,31.20764
1807739,1056,12433,2016-08-26 23:54,121.37394,31.24635,2016-08-27 00:08,121.38974,31.24513
1778855,1059,4759,2016-08-24 20:37,121.41098,31.23829,2016-08-24 21:52,121.47988,31.21188
397933,1059,11038,2016-08-21 21:07,121.47809,31.21199,2016-08-21 22:17,121.47954,31.21053
752077,1060,11316,2016-08-19 11:05,121.40861,31.17629,2016-08-19 11:20,121.42511,31.1814
835915,1062,12452,2016-08-27 13:57,121.44427,31.33467,2016-08-27 14:15,121.4343,31.31906
696972,1063,7595,2016-08-03 20:21,121.45967,31.18468,2016-08-03 20:31,121.47097,31.19385
1008720,1067,1059,2016-08-09 21:26,121.46109,31.20023,2016-08-09 21:36,121.45948,31.18905
284754,1067,17715,2016-08-29 09:37,121.456,31.19199,2016-08-29 09:47,121.4661,31.19715
1251082,1072,14450,2016-08-23 18:32,121.469,31.23009,2016-08-23 18:41,121.46735,31.23186
1253672,1074,3641,2016-08-22 06:16,121.5181,31.2798,2016-08-22 06:24,121.5073,31.28261
1269012,1074,334,2016-08-22 15:01,121.43388,31.22008,2016-08-22 15:44,121.45199,31.22172
1659906,1077,5303,2016-08-31 19:11,121.44702,31.3066,2016-08-31 19:28,121.46128,31.32646
910098,1082,9307,2016-08-30 11:18,121.45205,31.20175,2016-08-30 11:44,121.45197,31.20391
327787,1083,7297,2016-08-09 11:28,121.40779,31.22821,2016-08-09 11:59,121.40084,31.23139
525397,1086,13254,2016-08-18 17:10,121.44084,31.1887,2016-08-18 17:24,121.45399,31.20033
260875,1086,1809,2016-08-21 10:45,121.41051,31.21694,2016-08-21 10:54,121.41079,31.22962
574804,1086,8510,2016-08-09 16:39,121.44321,31.18132,2016-08-09 16:42,121.44286,31.18659
438462,1087,977,2016-08-21 21:39,121.4737,31.23683,2016-08-21 22:00,121.49403,31.22391
1490143,1087,83,2016-08-27 20:05,121.49721,31.2168,2016-08-27 20:10,121.49645,31.22236
232592,1087,15404,2016-08-25 08:28,121.49483,31.22219,2016-08-25 08:32,121.49804,31.21647
109639,1089,7803,2016-08-09 08:19,121.43483,31.21106,2016-08-09 08:25,121.44386,31.21534
1363421,1089,1142,2016-08-15 21:26,121.43252,31.21239,2016-08-15 21:41,121.42224,31.19335
1141017,1099,14739,2016-08-31 13:55,121.47622,31.19856,2016-08-31 13:59,121.48176,31.20098
459754,1100,14504,2016-08-19 08:23,121.4513,31.18395,2016-08-19 08:36,121.45149,31.19921
783291,1101,1235,2016-08-25 17:38,121.5495,31.22508,2016-08-25 17:47,121.56316,31.22913
195997,1108,8115,2016-08-02 13:02,121.45412,31.20505,2016-08-02 13:08,121.45268,31.20081
431314,1109,7344,2016-08-13 09:06,121.46582,31.19941,2016-08-13 09:09,121.46657,31.20466
1203655,1112,10195,2016-08-11 20:41,121.36604,31.23622,2016-08-11 21:01,121.35862,31.21286
1221946,1114,11650,2016-08-12 16:56,121.46318,31.20227,2016-08-12 17:03,121.46642,31.19766
116802,1114,879,2016-08-14 01:35,121.47339,31.19463,2016-08-14 01:53,121.45811,31.20878
1382929,1114,12187,2016-08-12 20:41,121.46851,31.19624,2016-08-12 20:54,121.45944,31.20914
920809,1115,12993,2016-08-19 14:35,121.47881,31.20467,2016-08-19 14:41,121.47291,31.20481
427799,1118,9383,2016-08-26 06:56,121.32171,31.14789,2016-08-26 07:06,121.31991,31.13801
1148881,1118,9670,2016-08-23 16:47,121.31845,31.13818,2016-08-23 16:59,121.32695,31.15007
304929,1123,3163,2016-08-02 16:09,121.49781,31.21591,2016-08-02 16:13,121.50186,31.22048
1451290,1123,9197,2016-08-24 11:12,121.39343,31.16492,2016-08-24 11:20,121.39963,31.156
66884,1125,13036,2016-08-27 06:49,121.53914,31.26566,2016-08-27 07:09,121.53333,31.28775
1169388,1125,3360,2016-08-12 13:51,121.53963,31.2647,2016-08-12 14:10,121.51866,31.25733
219281,1129,7326,2016-08-21 09:52,121.46416,31.20595,2016-08-21 10:13,121.45788,31.20965
897907,1129,12575,2016-08-14 14:56,121.46367,31.21709,2016-08-14 15:18,121.45647,31.21064
439216,1129,5214,2016-08-10 17:02,121.44753,31.22788,2016-08-10 17:16,121.45681,31.2094
798946,1130,12040,2016-08-19 11:44,121.45529,31.22043,2016-08-19 11:55,121.46167,31.21231
1493244,1132,9850,2016-08-06 10:11,121.46065,31.20122,2016-08-06 10:22,121.47199,31.19781
474790,1133,14771,2016-08-20 15:22,121.54333,31.27312,2016-08-20 15:27,121.54907,31.27094
1468436,1137,11316,2016-08-16 19:26,121.39978,31.1541,2016-08-16 19:36,121.40521,31.14549
203678,1137,268,2016-08-27 08:28,121.39684,31.15205,2016-08-27 08:47,121.39205,31.17884
694581,1141,13929,2016-08-21 10:40,121.47759,31.21626,2016-08-21 10:44,121.48137,31.21319
1572019,1144,6453,2016-08-14 21:56,121.40829,31.21687,2016-08-14 22:35,121.35714,31.24222
29395,1146,3914,2016-08-09 07:24,121.49005,31.31877,2016-08-09 07:33,121.48407,31.31878
1096605,1150,8588,2016-08-04 21:18,121.42128,31.21481,2016-08-04 21:25,121.41506,31.20765
1152664,1150,8971,2016-08-04 22:04,121.41745,31.20961,2016-08-04 22:10,121.42106,31.21435
1346615,1150,12808,2016-08-13 18:42,121.44002,31.19662,2016-08-13 18:59,121.42064,31.21389
935191,1152,5775,2016-08-16 12:38,121.45645,31.20789,2016-08-16 12:44,121.4518,31.20818
1680576,1155,15478,2016-08-26 15:04,121.45541,31.18476,2016-08-26 15:23,121.47167,31.19712
290742,1155,13174,2016-08-24 12:05,121.47062,31.19733,2016-08-24 12:19,121.45588,31.18464
839253,1157,13973,2016-08-31 10:38,121.45825,31.20156,2016-08-31 10:46,121.46053,31.20959
624793,1164,13130,2016-08-15 11:28,121.45735,31.19016,2016-08-15 11:45,121.45493,31.19538
499509,1175,7392,2016-08-01 14:54,121.53451,31.28873,2016-08-01 14:56,121.53055,31.28859
585326,1185,2350,2016-08-20 17:09,121.4122,31.22853,2016-08-20 17:18,121.41757,31.21766
357732,1188,7207,2016-08-07 17:37,121.46139,31.16882,2016-08-07 17:57,121.46744,31.18743
447330,1188,14892,2016-08-20 14:55,121.46566,31.19403,2016-08-20 15:08,121.48161,31.20355
1769594,1189,12874,2016-08-26 19:04,121.46506,31.20959,2016-08-26 19:21,121.4593,31.21155
1360217,1190,7703,2016-08-12 20:02,121.47772,31.2102,2016-08-12 20:09,121.48042,31.20452
339753,1214,10015,2016-08-29 10:44,121.4498,31.29498,2016-08-29 10:58,121.46046,31.29625
342614,1214,1841,2016-08-21 12:03,121.45104,31.30771,2016-08-21 12:09,121.46067,31.30777
1354502,1220,7842,2016-08-14 19:13,121.37113,31.21697,2016-08-14 19:26,121.38577,31.21445
1592771,1221,10842,2016-08-14 22:27,121.39156,31.21446,2016-08-14 23:11,121.36622,31.21421
1622889,1226,9956,2016-08-06 19:48,121.47169,31.20924,2016-08-06 20:15,121.454,31.20645
1453545,1229,5526,2016-08-13 19:40,121.49358,31.31523,2016-08-13 19:58,121.5096,31.30491
1412997,1229,8879,2016-08-12 21:49,121.48816,31.32092,2016-08-12 21:56,121.49312,31.31464
1723925,1229,6035,2016-08-31 21:24,121.5072,31.3113,2016-08-31 21:36,121.49371,31.31541
1415555,1229,8723,2016-08-19 19:57,121.49389,31.31566,2016-08-19 20:14,121.51127,31.30375
1792505,1229,16698,2016-08-24 22:09,121.49085,31.31954,2016-08-24 22:13,121.49326,31.31455
34497,1231,16199,2016-08-25 03:39,121.45471,31.19046,2016-08-25 03:47,121.45689,31.19853
84446,1233,7605,2016-08-07 07:18,121.3255,31.15024,2016-08-07 07:25,121.33713,31.14799
658010,1244,8068,2016-08-02 21:38,121.46513,31.19664,2016-08-02 21:45,121.47006,31.20289
453265,1244,11348,2016-08-10 17:19,121.46508,31.19629,2016-08-10 17:25,121.4617,31.20186
1364037,1245,5419,2016-08-15 21:38,121.45769,31.18426,2016-08-15 21:56,121.46642,31.2049
280414,1247,7862,2016-08-13 07:17,121.30956,31.28922,2016-08-13 07:25,121.32031,31.29442
1144259,1250,2863,2016-08-14 17:24,121.50312,31.09468,2016-08-14 17:54,121.49731,31.08665
555156,1251,12147,2016-08-13 10:12,121.46924,31.20416,2016-08-13 10:22,121.46716,31.21671
969233,1251,17230,2016-08-27 15:02,121.47439,31.21131,2016-08-27 15:15,121.47011,31.20843
1106863,1251,12330,2016-08-13 16:22,121.47136,31.19782,2016-08-13 16:28,121.4705,31.20376
614562,1251,958,2016-08-29 15:19,121.4722,31.21048,2016-08-29 15:31,121.46747,31.2035
89976,1255,10083,2016-08-14 00:47,121.43894,31.21063,2016-08-14 00:57,121.45295,31.20608
273422,1257,10236,2016-08-25 08:47,121.43911,31.1984,2016-08-25 08:51,121.43537,31.1923
834254,1257,5962,2016-08-16 11:08,121.43572,31.19325,2016-08-16 11:14,121.4333,31.18895
141052,1265,7706,2016-08-02 10:45,121.47683,31.19894,2016-08-02 10:49,121.47325,31.19799
1669560,1266,16858,2016-08-26 14:39,121.48961,31.24757,2016-08-26 14:55,121.48693,31.2345
684550,1267,440,2016-08-02 23:43,121.44099,31.24049,2016-08-02 23:46,121.43721,31.23756
1573268,1267,5587,2016-08-19 22:52,121.44353,31.24844,2016-08-19 22:58,121.44124,31.23994
927064,1267,15194,2016-08-25 18:53,121.44654,31.23355,2016-08-25 19:16,121.44451,31.2457
557625,1268,14375,2016-08-20 16:43,121.47934,31.19864,2016-08-20 17:00,121.47098,31.20345
1560176,1269,8178,2016-08-06 16:05,121.55383,31.29367,2016-08-06 16:13,121.55057,31.29069
1041961,1274,10783,2016-08-19 16:50,121.45052,31.30874,2016-08-19 17:07,121.4676,31.31693
45494,1280,2678,2016-08-03 08:06,121.4444,31.20835,2016-08-03 08:13,121.44313,31.21533
1288655,1280,13429,2016-08-17 17:10,121.44416,31.21676,2016-08-17 17:14,121.44448,31.21141
302378,1290,7922,2016-08-07 15:57,121.51772,31.29379,2016-08-07 16:10,121.52091,31.30529
334335,1291,1143,2016-08-01 10:39,121.45463,31.20618,2016-08-01 10:44,121.45872,31.20582
9551,1299,4615,2016-08-09 05:56,121.49928,31.21347,2016-08-09 06:13,121.47615,31.229
211346,1299,12627,2016-08-22 05:59,121.5004,31.21207,2016-08-22 06:18,121.47664,31.23008
1670828,1307,11418,2016-08-27 23:39,121.63676,31.18906,2016-08-28 00:28,121.5622,31.18457
341025,1309,5402,2016-08-23 07:55,121.44403,31.19488,2016-08-23 08:00,121.44902,31.19835
847782,1309,16492,2016-08-23 11:21,121.45189,31.19802,2016-08-23 11:24,121.44559,31.19592
446319,1312,10308,2016-08-11 10:05,121.44244,31.25009,2016-08-11 10:09,121.44715,31.24722
342728,1312,6799,2016-08-21 20:06,121.43946,31.25487,2016-08-21 20:09,121.44283,31.25174
114371,1312,2960,2016-08-02 10:11,121.44263,31.25019,2016-08-02 10:14,121.44759,31.2467
553730,1312,7673,2016-08-04 10:05,121.44226,31.25199,2016-08-04 10:10,121.44703,31.24668
1246870,1312,10128,2016-08-08 19:18,121.44359,31.25108,2016-08-08 19:22,121.44192,31.25554
1335067,1318,4609,2016-08-23 20:02,121.43484,31.21019,2016-08-23 20:47,121.45524,31.22805
1112644,1323,7904,2016-08-23 15:49,121.47452,31.20248,2016-08-23 15:57,121.47197,31.20729
1360857,1325,6523,2016-08-22 17:47,121.48404,31.20896,2016-08-22 18:17,121.44229,31.18547
1172991,1326,8677,2016-08-17 14:51,121.44817,31.23131,2016-08-17 15:02,121.45617,31.22934
1306731,1330,1003,2016-08-12 18:46,121.45505,31.21175,2016-08-12 18:51,121.45972,31.20857
310889,1331,10184,2016-08-16 07:54,121.44638,31.18608,2016-08-16 08:21,121.4562,31.21594
695188,1344,5603,2016-08-10 20:44,121.61822,31.30073,2016-08-10 20:54,121.6092,31.29294
1117515,1348,14187,2016-08-19 17:28,121.47181,31.21007,2016-08-19 17:42,121.45583,31.21569
915178,1353,3407,2016-08-23 20:15,121.44884,31.23319,2016-08-23 20:25,121.46099,31.23323
748849,1365,6686,2016-08-03 22:26,121.45594,31.17952,2016-08-03 22:33,121.45747,31.17091
633382,1366,6882,2016-08-02 21:08,121.47338,31.21773,2016-08-02 21:13,121.47646,31.20854
964574,1373,14881,2016-08-19 15:33,121.47025,31.20982,2016-08-19 15:53,121.46889,31.20734
1076178,1373,473,2016-08-24 08:37,121.45347,31.33677,2016-08-24 08:48,121.44261,31.33163
368398,1377,9045,2016-08-23 08:03,121.47661,31.27496,2016-08-23 08:06,121.47833,31.27106
180785,1379,7491,2016-08-10 08:38,121.41982,31.19616,2016-08-10 08:43,121.4223,31.20429
409895,1380,526,2016-08-25 18:48,121.47578,31.20821,2016-08-25 18:56,121.48761,31.21458
588408,1380,3847,2016-08-23 09:07,121.48357,31.21483,2016-08-23 09:15,121.47337,31.21018
1466199,1383,6250,2016-08-08 22:15,121.44707,31.15771,2016-08-08 22:44,121.46093,31.11639
14847,1389,3865,2016-08-03 07:13,121.41458,31.2657,2016-08-03 07:18,121.42205,31.26326
702041,1391,6041,2016-08-20 18:31,121.51645,31.29982,2016-08-20 19:19,121.54229,31.2967
1521981,1404,10015,2016-08-24 12:06,121.45622,31.1956,2016-08-24 12:25,121.44172,31.19309
1699579,1405,14675,2016-08-30 22:29,121.46908,31.25707,2016-08-31 02:46,121.49292,31.25525
296357,1405,13687,2016-08-20 11:33,121.49111,31.25594,2016-08-20 11:43,121.49704,31.261
1542965,1405,15756,2016-08-22 22:54,121.48315,31.2536,2016-08-23 00:27,121.48314,31.25364
291992,1405,9341,2016-08-18 10:56,121.49151,31.25442,2016-08-18 11:05,121.49555,31.24782
1191767,1410,5972,2016-08-23 17:39,121.46781,31.21249,2016-08-23 17:57,121.45694,31.22259
1120456,1417,17011,2016-08-29 22:00,121.54642,31.24084,2016-08-29 22:11,121.54267,31.244
262084,1420,4784,2016-08-10 10:24,121.49683,31.17004,2016-08-10 10:28,121.50272,31.16909
401300,1420,1567,2016-08-03 17:13,121.48904,31.21013,2016-08-03 17:24,121.48643,31.22662
607135,1420,6169,2016-08-02 20:22,121.4751,31.1989,2016-08-02 20:27,121.47104,31.1953
599266,1421,13142,2016-08-16 08:57,121.45048,31.17729,2016-08-16 09:04,121.45673,31.18431
362275,1421,12215,2016-08-14 09:04,121.45016,31.17871,2016-08-14 09:09,121.45568,31.18351
147935,1423,9728,2016-08-29 08:17,121.37944,31.2822,2016-08-29 08:23,121.37699,31.27131
1362704,1424,7754,2016-08-30 16:44,121.44301,31.17082,2016-08-30 16:48,121.43855,31.17339
101008,1427,4802,2016-08-03 08:49,121.46095,31.2028,2016-08-03 08:53,121.4642,31.19875
776246,1428,4811,2016-08-08 14:50,121.4631,31.21084,2016-08-08 15:01,121.46994,31.22064
501901,1429,8915,2016-08-15 09:33,121.33431,31.21916,2016-08-15 09:42,121.34894,31.22128
1392227,1437,11536,2016-08-13 19:00,121.47148,31.21061,2016-08-14 16:12,121.47643,31.19835
102673,1437,7948,2016-08-01 07:54,121.4765,31.19989,2016-08-01 08:04,121.47016,31.20982
1620339,1440,6186,2016-08-30 19:04,121.48341,31.25719,2016-08-30 19:19,121.4782,31.27839
593278,1440,4051,2016-08-03 18:56,121.49259,31.27217,2016-08-03 19:19,121.47708,31.27775
644622,1446,4416,2016-08-10 19:47,121.45133,31.27912,2016-08-10 19:52,121.44381,31.2802
378068,1457,13390,2016-08-15 08:29,121.38511,31.20334,2016-08-15 08:31,121.38163,31.20578
549849,1460,8620,2016-08-10 18:29,121.38718,31.1214,2016-08-10 18:36,121.38683,31.1311
1140064,1467,11970,2016-08-23 16:42,121.5235,31.32622,2016-08-23 16:45,121.52366,31.32461
1231640,1468,10795,2016-08-13 17:40,121.45263,31.23304,2016-08-13 17:45,121.44919,31.23771
1277228,1468,9173,2016-08-13 17:58,121.44934,31.23617,2016-08-13 18:08,121.45813,31.22869
1123225,1475,3603,2016-08-31 13:44,121.38462,31.1647,2016-08-31 13:47,121.38658,31.1633
193091,1492,1986,2016-08-07 12:04,121.49444,31.20774,2016-08-07 12:23,121.48806,31.20357
1770606,1494,5545,2016-08-24 19:52,121.34845,31.20972,2016-08-24 21:00,121.37252,31.24823
1045644,1496,6149,2016-08-09 22:05,121.44005,31.23797,2016-08-09 22:18,121.43251,31.23014
1099060,1499,7320,2016-08-11 19:29,121.31668,31.31003,2016-08-11 19:44,121.32126,31.29649
1060669,1499,3329,2016-08-19 17:01,121.3165,31.31255,2016-08-19 17:22,121.31095,31.30864
127038,1501,16194,2016-08-24 00:45,121.49784,31.26302,2016-08-24 01:05,121.49681,31.27539
703177,1503,5190,2016-08-05 18:33,121.44111,31.30636,2016-08-05 18:42,121.43985,31.31786
415888,1504,4113,2016-08-18 14:52,121.54514,31.27907,2016-08-18 15:08,121.53849,31.29164
1480925,1506,10891,2016-08-31 17:42,121.4764,31.23689,2016-08-31 18:00,121.48266,31.25154
196150,1509,7616,2016-08-02 13:11,121.44813,31.26845,2016-08-02 13:17,121.45847,31.26736
681873,1509,6307,2016-08-21 18:31,121.45607,31.27193,2016-08-21 18:33,121.45877,31.26719
138711,1509,6450,2016-08-07 09:54,121.45513,31.27189,2016-08-07 10:06,121.45992,31.26997
421981,1514,2188,2016-08-29 12:17,121.4824,31.2163,2016-08-29 12:23,121.48695,31.2117
1402084,1514,15238,2016-08-28 17:19,121.44356,31.18118,2016-08-28 17:35,121.42735,31.18434
568357,1522,7848,2016-08-14 11:06,121.53295,31.27639,2016-08-14 11:17,121.52688,31.28355
537119,1522,719,2016-08-07 21:02,121.52817,31.27761,2016-08-07 21:08,121.52675,31.28409
570541,1525,10141,2016-08-15 10:24,121.46874,31.20561,2016-08-15 10:37,121.45812,31.2114
1475005,1525,15200,2016-08-24 11:18,121.45822,31.21089,2016-08-25 10:31,121.45794,31.21113
628596,1525,4318,2016-08-09 17:10,121.4703,31.20443,2016-08-09 17:22,121.45778,31.21093
153605,1536,9954,2016-08-10 08:17,121.51386,31.18185,2016-08-10 08:37,121.49315,31.18441
298521,1539,15596,2016-08-29 09:51,121.45245,31.28911,2016-08-29 10:03,121.44266,31.28032
569740,1540,1024,2016-08-19 08:56,121.45155,31.27898,2016-08-19 09:03,121.44273,31.27929
270770,1540,369,2016-08-29 09:20,121.45289,31.27738,2016-08-29 09:27,121.4426,31.27993
234954,1541,7758,2016-08-10 09:33,121.54367,31.2741,2016-08-10 09:39,121.53928,31.27919
458373,1541,4329,2016-08-08 09:39,121.54484,31.27483,2016-08-08 09:44,121.53965,31.27856
582966,1541,6001,2016-08-19 08:59,121.39312,31.19444,2016-08-19 09:03,121.39131,31.19832
375803,1542,3258,2016-08-01 12:12,121.44185,31.15237,2016-08-01 12:15,121.44246,31.15691
1529485,1544,6228,2016-08-06 13:27,121.4739,31.19175,2016-08-06 13:33,121.48137,31.19553
898296,1547,2443,2016-08-19 13:38,121.45058,31.22515,2016-08-19 13:49,121.44124,31.24159
820892,1552,13706,2016-08-19 12:21,121.43075,31.2205,2016-08-19 12:26,121.42501,31.2214
858590,1553,16732,2016-08-27 14:10,121.4855,31.21796,2016-08-27 14:32,121.50743,31.21398
790855,1555,945,2016-08-17 09:19,121.57131,31.24114,2016-08-17 10:03,121.58156,31.19966
758834,1565,3793,2016-08-21 19:29,121.57121,31.25538,2016-08-21 19:49,121.56488,31.25736
1233085,1567,720,2016-08-11 21:20,121.48455,31.16669,2016-08-11 21:35,121.48238,31.16698
1116978,1568,7501,2016-08-14 17:14,121.40894,31.23949,2016-08-14 18:48,121.40785,31.19106
690814,1571,17450,2016-08-29 16:29,121.44321,31.23696,2016-08-29 16:40,121.453,31.22122
1602729,1572,5036,2016-08-06 18:47,121.41148,31.16898,2016-08-06 19:00,121.41414,31.1516
1544128,1572,10288,2016-08-28 18:34,121.44033,31.15362,2016-08-28 18:57,121.41442,31.15197
1517216,1576,6280,2016-08-06 12:17,121.55579,31.20847,2016-08-06 12:40,121.54633,31.20575
1483202,1576,1012,2016-08-22 20:20,121.55018,31.20915,2016-08-22 20:28,121.54464,31.20452
65498,1580,3747,2016-08-05 08:30,121.53137,31.32209,2016-08-05 09:32,121.5334,31.33199
694310,1581,12511,2016-08-21 18:36,121.3615,31.17686,2016-08-21 19:15,121.38488,31.213
194159,1581,11470,2016-08-10 08:46,121.44404,31.2075,2016-08-10 08:54,121.44771,31.21411
902761,1582,10713,2016-08-27 14:25,121.42276,31.21399,2016-08-27 14:38,121.42868,31.20359
266212,1582,5361,2016-08-01 09:18,121.42018,31.20386,2016-08-01 09:27,121.42949,31.20865
1790444,1584,15457,2016-08-26 20:38,121.45036,31.23624,2016-08-26 20:52,121.45708,31.24117
1751803,1591,5061,2016-08-24 18:30,121.45124,31.26581,2016-08-24 18:37,121.44831,31.25971
1464913,1592,1824,2016-08-22 19:47,121.50159,31.16918,2016-08-22 20:15,121.53572,31.1734
215071,1599,955,2016-08-17 06:40,121.44289,31.36182,2016-08-17 06:47,121.43471,31.35566
1250967,1599,1526,2016-08-23 18:31,121.43283,31.35208,2016-08-23 18:42,121.44341,31.36131
713994,1602,10929,2016-08-15 13:08,121.4411,31.22974,2016-08-15 13:23,121.45079,31.22687
1429019,1602,8633,2016-08-19 20:04,121.4165,31.20765,2016-08-19 20:08,121.42401,31.20368
1578264,1605,17339,2016-08-28 19:00,121.46576,31.20305,2016-08-28 19:07,121.47376,31.19739
1698953,1609,12828,2016-08-31 19:55,121.54242,31.14332,2016-08-31 20:06,121.52658,31.14247
810951,1609,4374,2016-08-20 19:58,121.50135,31.1386,2016-08-20 20:06,121.51018,31.1422
116558,1611,9065,2016-08-14 01:09,121.42186,31.15037,2016-08-14 01:13,121.42042,31.15272
439716,1613,3737,2016-08-10 17:09,121.4705,31.20962,2016-08-10 17:21,121.47545,31.21941
1592830,1621,7391,2016-08-14 22:29,121.44176,31.22402,2016-08-14 22:37,121.43872,31.21569
209035,1627,6450,2016-08-26 11:29,121.47227,31.22024,2016-08-26 11:49,121.47936,31.22809
1369512,1635,12152,2016-08-13 18:52,121.4268,31.18276,2016-08-13 19:19,121.4336,31.19111
277934,1639,8545,2016-08-02 15:45,121.48134,31.23215,2016-08-02 16:01,121.48895,31.21829
216342,1642,13239,2016-08-29 08:50,121.39962,31.1046,2016-08-29 09:02,121.4168,31.11104
992503,1645,4122,2016-08-12 07:40,121.42941,31.14131,2016-08-12 07:46,121.43083,31.14963
279105,1646,9200,2016-08-18 10:54,121.50883,31.23665,2016-08-18 11:00,121.50096,31.23361
178159,1649,14136,2016-08-25 08:02,121.44969,31.30539,2016-08-25 08:13,121.45998,31.31016
413422,1649,3504,2016-08-31 08:08,121.44911,31.305,2016-08-31 08:16,121.46087,31.30948
856097,1650,9106,2016-08-20 20:48,121.42611,31.19258,2016-08-20 21:13,121.44208,31.19127
1519930,1652,4423,2016-08-28 18:22,121.49294,31.20599,2016-08-28 18:59,121.46818,31.18765
633766,1657,1750,2016-08-02 21:23,121.53181,31.25705,2016-08-02 21:37,121.52471,31.26207
1581312,1657,8363,2016-08-06 17:28,121.44874,31.23478,2016-08-06 17:41,121.44615,31.2238
56714,1658,10269,2016-08-07 00:29,121.51249,31.27473,2016-08-07 00:34,121.50908,31.28197
283591,1663,10080,2016-08-05 14:35,121.47743,31.21467,2016-08-05 14:41,121.4773,31.22192
699517,1665,3900,2016-08-08 13:27,121.44314,31.22933,2016-08-08 13:33,121.44874,31.2279
1553768,1665,7064,2016-08-06 15:26,121.46385,31.23012,2016-08-06 15:36,121.46051,31.22051
1468518,1670,10314,2016-08-16 19:27,121.38047,31.13595,2016-08-16 19:36,121.37831,31.12674
1522620,1670,3739,2016-08-17 19:27,121.38189,31.13447,2016-08-17 19:35,121.37826,31.12676
1237061,1677,8796,2016-08-12 17:18,121.49583,31.16917,2016-08-12 17:29,121.5122,31.17151
926149,1677,10521,2016-08-09 20:05,121.4408,31.19316,2016-08-09 20:14,121.45163,31.19343
507619,1682,5170,2016-08-21 14:59,121.48583,31.19851,2016-08-21 15:07,121.48076,31.20055
1620914,1683,15234,2016-08-26 13:50,121.43717,31.18612,2016-08-26 13:58,121.43813,31.19125
549318,1683,8455,2016-08-10 18:23,121.46389,31.26145,2016-08-10 19:03,121.47131,31.24001
1043455,1685,12264,2016-08-17 12:35,121.53885,31.18861,2016-08-17 12:43,121.53996,31.19256
374299,1693,14065,2016-08-18 13:18,121.47355,31.19748,2016-08-18 13:24,121.47231,31.19386
491639,1696,8126,2016-08-09 14:13,121.44648,31.17306,2016-08-09 14:36,121.43621,31.15911
1144765,1699,1252,2016-08-30 13:46,121.47514,31.23208,2016-08-30 14:15,121.48228,31.20141
1106085,1699,2350,2016-08-22 11:10,121.47699,31.20711,2016-08-22 11:15,121.48255,31.20119
80545,1710,8185,2016-08-29 07:43,121.41326,31.15727,2016-08-29 08:08,121.39938,31.19659
1207501,1711,9506,2016-08-12 16:12,121.47985,31.2737,2016-08-12 16:37,121.48929,31.28383
549667,1715,9850,2016-08-10 18:27,121.46297,31.25792,2016-08-10 19:03,121.47131,31.24019
1525505,1717,12574,2016-08-14 20:56,121.49172,31.20361,2016-08-14 20:58,121.49072,31.20564
1160764,1724,6206,2016-08-12 13:18,121.37129,31.11591,2016-08-12 13:35,121.36346,31.11529
463757,1733,2215,2016-08-27 10:41,121.55043,31.27629,2016-08-27 10:59,121.53195,31.2721
114411,1734,5438,2016-08-02 10:13,121.31012,31.2363,2016-08-02 10:20,121.32025,31.24067
247139,1739,12350,2016-08-21 10:27,121.4483,31.33809,2016-08-21 10:35,121.44384,31.33148
1607346,1744,5753,2016-08-13 22:27,121.44012,31.289,2016-08-13 22:32,121.44907,31.2939
730177,1744,11246,2016-08-28 11:56,121.44531,31.28632,2016-08-28 12:02,121.44927,31.28237
173149,1748,8702,2016-08-15 07:18,121.4735,31.29987,2016-08-15 07:23,121.4679,31.30379
1012545,1748,9091,2016-08-04 20:14,121.4849,31.30343,2016-08-04 20:35,121.4729,31.29973
258325,1749,17221,2016-08-27 08:59,121.42773,31.26826,2016-08-27 09:10,121.41347,31.27509
1528120,1756,5249,2016-08-31 18:06,121.46202,31.21892,2016-08-31 18:21,121.45408,31.20516
1371459,1757,7357,2016-08-15 21:49,121.45966,31.1921,2016-08-15 21:55,121.45574,31.19612
1489407,1761,12893,2016-08-13 20:11,121.37357,31.21256,2016-08-13 20:23,121.38451,31.20596
753929,1770,349,2016-08-20 19:14,121.51137,31.29994,2016-08-20 19:39,121.48505,31.31448
314396,1771,11984,2016-08-25 09:13,121.48599,31.30629,2016-08-25 09:18,121.48892,31.31143
541827,1771,4258,2016-08-19 08:43,121.48507,31.30556,2016-08-19 08:47,121.48804,31.31033
1002731,1771,7693,2016-08-01 20:12,121.4886,31.31166,2016-08-01 20:26,121.4818,31.2954
12523,1777,15701,2016-08-29 06:02,121.416,31.25327,2016-08-29 06:05,121.42044,31.25577
1785434,1778,14850,2016-08-24 21:15,121.42178,31.14085,2016-08-24 21:40,121.41918,31.13376
1419275,1778,5522,2016-08-12 21:55,121.46359,31.18092,2016-08-12 22:46,121.41924,31.13552
978578,1780,4878,2016-08-28 13:46,121.43619,31.19631,2016-08-28 14:35,121.46858,31.23096
877113,1795,9278,2016-08-11 17:40,121.48271,31.26697,2016-08-11 18:06,121.46392,31.26903
780022,1801,7834,2016-08-05 19:07,121.47608,31.29016,2016-08-05 19:16,121.48128,31.28201
134923,1801,9159,2016-08-29 08:16,121.48299,31.29056,2016-08-29 08:24,121.47561,31.29504
1500375,1803,8771,2016-08-22 20:54,121.49902,31.28085,2016-08-22 21:15,121.46172,31.28606
1541161,1803,1846,2016-08-16 20:35,121.50024,31.28211,2016-08-16 21:00,121.46149,31.28584
1004444,1807,1997,2016-08-19 16:15,121.57955,31.19818,2016-08-19 16:19,121.5864,31.20007
720572,1807,13688,2016-08-21 19:02,121.4833,31.22654,2016-08-21 19:12,121.47239,31.22286
820726,1807,1997,2016-08-19 12:17,121.58608,31.20162,2016-08-19 12:24,121.57901,31.19703
147747,1808,11895,2016-08-16 07:19,121.48202,31.20509,2016-08-16 07:23,121.48578,31.20917
410819,1809,2515,2016-08-21 13:09,121.47421,31.21664,2016-08-21 13:19,121.46785,31.22053
661367,1815,4144,2016-08-19 09:40,121.41389,31.26107,2016-08-19 09:45,121.40236,31.263
288156,1817,6689,2016-08-21 11:14,121.52604,31.13763,2016-08-21 11:24,121.5208,31.14558
1324902,1819,12298,2016-08-15 20:20,121.46581,31.21869,2016-08-15 20:31,121.45695,31.21568
1678306,1828,10148,2016-08-28 20:25,121.38403,31.16638,2016-08-28 20:42,121.37366,31.16943
401694,1828,1824,2016-08-18 14:10,121.49822,31.15922,2016-08-18 14:34,121.50265,31.16547
1804287,1838,8796,2016-08-26 22:26,121.513,31.14014,2016-08-26 22:35,121.50557,31.13494
485565,1843,13211,2016-08-22 07:43,121.39319,31.124,2016-08-22 07:45,121.39166,31.12011
1660337,1852,7179,2016-08-17 23:36,121.42744,31.19433,2016-08-18 00:01,121.42844,31.23123
671176,1856,728,2016-08-03 20:00,121.43446,31.20164,2016-08-03 20:54,121.43899,31.19785
627078,1864,9592,2016-08-29 15:27,121.35768,31.34351,2016-08-29 15:53,121.35851,31.34737
1413697,1867,11176,2016-08-22 18:39,121.4453,31.23854,2016-08-22 18:45,121.443,31.23482
520093,1867,7363,2016-08-25 12:56,121.44483,31.23992,2016-08-25 13:02,121.44136,31.23363
581526,1873,6140,2016-08-01 16:07,121.41721,31.21564,2016-08-01 16:21,121.42235,31.20574
499136,1873,6140,2016-08-01 14:32,121.42339,31.21129,2016-08-01 14:43,121.41414,31.21846
637684,1878,10971,2016-08-11 13:59,121.52099,31.27413,2016-08-11 14:18,121.49937,31.27007
1131170,1890,7234,2016-08-25 22:30,121.39134,31.35514,2016-08-25 22:37,121.39504,31.3598
430723,1896,6134,2016-08-13 08:51,121.4744,31.22327,2016-08-13 09:31,121.43024,31.23802
250388,1896,5483,2016-08-02 14:29,121.43389,31.17312,2016-08-02 14:40,121.42757,31.18188
1013391,1900,8776,2016-08-13 15:20,121.40629,31.13056,2016-08-13 15:30,121.40062,31.1324
47922,1915,3691,2016-08-01 07:02,121.5127,31.33084,2016-08-01 07:05,121.51635,31.32991
398902,1915,4487,2016-08-10 15:49,121.5161,31.33294,2016-08-10 15:56,121.50757,31.32822
143192,1917,6303,2016-08-01 08:07,121.42175,31.20376,2016-08-01 08:12,121.42887,31.20279
1727855,1917,6706,2016-08-24 17:03,121.47052,31.18948,2016-08-24 17:11,121.47324,31.19578
650046,1919,9733,2016-08-30 09:01,121.54193,31.29694,2016-08-30 09:09,121.53353,31.29562
799205,1920,13835,2016-08-19 11:51,121.4529,31.20275,2016-08-19 12:02,121.4572,31.21681
837328,1923,1617,2016-08-09 19:11,121.44022,31.17229,2016-08-09 19:18,121.43949,31.17731
1454983,1924,14618,2016-08-28 17:47,121.47592,31.19865,2016-08-28 17:52,121.48112,31.20096
1429512,1924,15567,2016-08-28 17:34,121.48231,31.20043,2016-08-28 17:40,121.47628,31.19985
384054,1933,6154,2016-08-21 12:50,121.4354,31.23926,2016-08-21 13:18,121.46855,31.23215
638079,1938,8671,2016-08-11 14:14,121.43869,31.19282,2016-08-11 14:25,121.43519,31.18348
590459,1939,4385,2016-08-10 18:53,121.43342,31.20173,2016-08-10 19:02,121.43823,31.19225
1781645,1940,15522,2016-08-26 19:54,121.4977,31.20925,2016-08-26 20:15,121.49989,31.21175
288583,1951,5428,2016-08-07 15:32,121.47886,31.27167,2016-08-07 15:35,121.47956,31.27482
1770963,1957,12808,2016-08-26 19:08,121.4702,31.26678,2016-08-26 19:12,121.46707,31.27121
1529919,1960,2443,2016-08-06 13:43,121.4884,31.22308,2016-08-06 13:46,121.49087,31.22834
963543,1960,3752,2016-08-14 15:30,121.48966,31.22657,2016-08-14 15:34,121.48902,31.22341
582463,1960,583,2016-08-08 11:51,121.48833,31.22228,2016-08-08 11:54,121.48927,31.22811
535050,1960,15001,2016-08-21 15:28,121.48446,31.22123,2016-08-21 15:34,121.48934,31.22688
738748,1966,4440,2016-08-30 09:29,121.46026,31.27442,2016-08-30 09:32,121.45568,31.27012
1343245,1972,7989,2016-08-23 20:19,121.39197,31.19883,2016-08-23 20:24,121.39454,31.1915
936213,1972,6299,2016-08-28 13:23,121.39184,31.19746,2016-08-28 13:28,121.39541,31.19384
1277284,1975,9637,2016-08-13 17:59,121.46837,31.29958,2016-08-13 18:08,121.4588,31.29816
64165,1977,13335,2016-08-15 01:47,121.42275,31.20772,2016-08-15 02:08,121.42775,31.1897
98090,1979,6142,2016-08-07 08:20,121.46349,31.18032,2016-08-07 08:55,121.47049,31.21025
279448,1982,8075,2016-08-04 07:53,121.4265,31.18484,2016-08-04 07:57,121.42116,31.18796
1560370,1988,8382,2016-08-06 16:11,121.44257,31.26903,2016-08-06 16:41,121.49085,31.28058
1554253,1988,8382,2016-08-06 15:41,121.47847,31.2681,2016-08-06 16:04,121.44318,31.26861
235152,1990,6689,2016-08-10 09:39,121.44244,31.2277,2016-08-10 09:45,121.44509,31.22235
841835,1991,6587,2016-08-08 15:55,121.51036,31.2371,2016-08-08 16:04,121.51207,31.24325
332329,2002,1610,2016-08-02 16:50,121.3923,31.23459,2016-08-02 16:58,121.39921,31.24357
502148,2013,6587,2016-08-20 15:46,121.40236,31.23693,2016-08-20 15:54,121.41118,31.23087
780625,2022,11364,2016-08-29 17:25,121.44939,31.22262,2016-08-29 17:59,121.44311,31.25185
1501067,2028,9951,2016-08-08 23:19,121.41069,31.22095,2016-08-08 23:34,121.42719,31.21668
1540778,2030,6119,2016-08-16 20:30,121.40854,31.22805,2016-08-16 20:42,121.41724,31.23523
1523305,2037,4367,2016-08-06 12:52,121.42456,31.18769,2016-08-06 13:24,121.42555,31.17128
187419,2044,3818,2016-08-20 09:24,121.42595,31.19815,2016-08-20 09:38,121.44754,31.20964
1087664,2045,13066,2016-08-14 16:51,121.46605,31.21584,2016-08-14 17:13,121.49364,31.20439
590956,2046,5442,2016-08-10 18:58,121.44357,31.33711,2016-08-10 19:03,121.45122,31.34005
604298,2048,1777,2016-08-10 19:04,121.496,31.26986,2016-08-10 19:10,121.50408,31.26548
1177918,2049,1590,2016-08-12 14:20,121.41188,31.30224,2016-08-12 14:41,121.37913,31.30255
977365,2052,1691,2016-08-29 19:52,121.59978,31.33366,2016-08-29 20:40,121.60136,31.2735
1372647,2052,11109,2016-08-16 18:26,121.54261,31.23699,2016-08-16 18:51,121.57872,31.25388
1063949,2055,9866,2016-08-27 15:46,121.42043,31.13887,2016-08-27 15:58,121.43002,31.14711
1410044,2057,10062,2016-08-17 18:13,121.50693,31.29612,2016-08-17 18:20,121.51074,31.29872
900846,2058,2536,2016-08-20 21:36,121.55918,31.2005,2016-08-20 21:44,121.56117,31.19614
896310,2058,6945,2016-08-18 22:05,121.5609,31.20967,2016-08-18 22:27,121.55059,31.19245
942369,2059,9605,2016-08-08 17:12,121.48971,31.24835,2016-08-08 17:30,121.47031,31.25699
51342,2062,6256,2016-08-20 02:35,121.38631,31.20459,2016-08-20 02:39,121.3856,31.20687
993734,2067,5880,2016-08-14 15:50,121.45475,31.33004,2016-08-14 16:05,121.4369,31.33107
201741,2071,5859,2016-08-05 13:22,121.43121,31.18936,2016-08-05 13:37,121.43594,31.17096
925735,2074,9073,2016-08-27 14:43,121.53143,31.26969,2016-08-27 14:47,121.52961,31.27506
236441,2075,5472,2016-08-03 11:36,121.4525,31.20591,2016-08-03 11:40,121.44792,31.20539
1457304,2078,5041,2016-08-31 17:36,121.44264,31.21706,2016-08-31 17:42,121.44509,31.22377
360967,2082,10563,2016-08-18 13:07,121.41727,31.20111,2016-08-18 13:15,121.40602,31.197
767260,2083,10,2016-08-16 10:07,121.45547,31.27004,2016-08-16 10:21,121.43767,31.27498
1800211,2087,1852,2016-08-26 21:31,121.46084,31.24596,2016-08-26 21:46,121.43816,31.24222
1031559,2090,3293,2016-08-01 20:41,121.49393,31.19661,2016-08-01 21:13,121.49428,31.21115
442441,2092,8500,2016-08-02 18:15,121.47645,31.22113,2016-08-02 18:22,121.47569,31.21507
1583864,2097,4101,2016-08-19 23:23,121.42171,31.24265,2016-08-19 23:42,121.40559,31.22192
1735512,2099,13679,2016-08-31 22:54,121.35164,31.28445,2016-08-31 23:01,121.34993,31.28765
1613992,2113,4561,2016-08-27 21:41,121.50093,31.11731,2016-08-27 21:47,121.50846,31.12138
736537,2113,12847,2016-08-18 19:15,121.50018,31.12088,2016-08-18 19:20,121.50918,31.12129
636347,2120,11290,2016-08-13 11:01,121.48629,31.27675,2016-08-13 11:15,121.50064,31.28013
1611053,2121,12836,2016-08-24 13:13,121.4426,31.1858,2016-08-24 13:22,121.43231,31.18134
1107915,2130,1173,2016-08-15 18:13,121.42851,31.20226,2016-08-15 18:19,121.42319,31.20421
402813,2137,10694,2016-08-22 15:21,121.42964,31.24692,2016-08-22 15:50,121.44598,31.21898
1148159,2139,14228,2016-08-28 15:16,121.43874,31.26086,2016-08-28 15:26,121.43396,31.26131
525125,2139,6337,2016-08-02 19:28,121.43786,31.25926,2016-08-02 19:33,121.43357,31.26106
899491,2153,4291,2016-08-11 17:51,121.44318,31.25985,2016-08-11 18:04,121.42931,31.25984
1608555,2153,578,2016-08-14 23:42,121.44503,31.2616,2016-08-14 23:46,121.44401,31.25957
986452,2154,9464,2016-08-11 18:27,121.33653,31.25478,2016-08-11 18:45,121.32289,31.24537
568724,2163,335,2016-08-14 11:16,121.44701,31.15884,2016-08-14 11:23,121.44668,31.17081
219907,2168,15432,2016-08-21 10:03,121.39654,31.26408,2016-08-21 10:08,121.39062,31.26766
355996,2170,8626,2016-08-25 09:58,121.42576,31.16832,2016-08-25 10:05,121.43261,31.17462
1709842,2170,9468,2016-08-26 15:46,121.43066,31.17033,2016-08-26 15:51,121.4325,31.17443
1022578,2175,4227,2016-08-14 16:19,121.44463,31.32021,2016-08-14 16:29,121.43988,31.31044
1721040,2178,9967,2016-08-31 21:10,121.43425,31.32767,2016-08-31 21:20,121.42414,31.32962
615041,2178,13928,2016-08-27 11:59,121.42427,31.32878,2016-08-27 12:11,121.44061,31.32909
597354,2180,616,2016-08-15 10:33,121.49986,31.26051,2016-08-15 10:38,121.50658,31.26286
757182,2181,13708,2016-08-23 18:21,121.44917,31.21232,2016-08-23 18:43,121.43952,31.22543
135557,2184,4987,2016-08-27 07:51,121.43257,31.25905,2016-08-27 08:11,121.46302,31.26949
1362751,2193,16748,2016-08-30 16:45,121.4315,31.36929,2016-08-30 16:55,121.44066,31.37273
1103161,2196,8150,2016-08-25 21:42,121.38519,31.31317,2016-08-25 21:59,121.40513,31.3111
949728,2196,15064,2016-08-25 19:10,121.4046,31.31155,2016-08-25 19:25,121.38415,31.31567
635855,2200,11744,2016-08-13 10:47,121.48699,31.21042,2016-08-13 10:53,121.48251,31.20641
953562,2200,10904,2016-08-13 14:26,121.47751,31.19736,2016-08-13 14:39,121.48735,31.20555
316564,2203,346,2016-08-07 16:37,121.4356,31.3248,2016-08-07 16:47,121.44769,31.31393
1019529,2205,11761,2016-08-25 20:09,121.43974,31.23573,2016-08-25 21:18,121.3804,31.3199
168247,2211,8137,2016-08-31 07:19,121.52598,31.15633,2016-08-31 07:30,121.5152,31.15729
829841,2213,5423,2016-08-22 08:53,121.4719,31.19443,2016-08-22 09:02,121.46176,31.20035
886405,2215,7500,2016-08-13 13:31,121.53924,31.25932,2016-08-13 13:42,121.54309,31.26886
95922,2219,9247,2016-08-09 08:07,121.52055,31.30699,2016-08-09 08:15,121.51291,31.30384
1208157,2220,3510,2016-08-22 12:25,121.44472,31.19479,2016-08-22 12:49,121.45684,31.19564
1375383,2224,5042,2016-08-12 20:29,121.42999,31.39385,2016-08-12 20:43,121.43256,31.38489
983563,2232,12736,2016-08-13 14:49,121.4477,31.19909,2016-08-13 14:55,121.4501,31.20867
1152402,2232,8407,2016-08-04 21:55,121.42087,31.01525,2016-08-04 22:03,121.41798,31.00638
735101,2234,6130,2016-08-31 09:47,121.59467,31.26022,2016-08-31 10:25,121.55737,31.22603
242833,2235,3531,2016-08-05 14:04,121.51774,31.26964,2016-08-05 14:24,121.52817,31.25102
1199424,2238,4201,2016-08-26 09:10,121.41031,31.20989,2016-08-26 09:17,121.40207,31.2013
782701,2242,5809,2016-08-25 17:34,121.47354,31.21432,2016-08-25 18:31,121.54302,31.27464
855234,2242,1827,2016-08-11 17:36,121.46922,31.20724,2016-08-11 18:33,121.53769,31.26972
1797768,2249,6412,2016-08-24 23:11,121.53348,31.28322,2016-08-24 23:21,121.52986,31.27449
1218958,2258,5418,2016-08-11 21:11,121.47028,31.19012,2016-08-11 21:29,121.47571,31.20673
23304,2267,2929,2016-08-03 07:40,121.48139,31.31426,2016-08-03 07:54,121.50639,31.32132
584243,2267,8463,2016-08-11 13:01,121.45164,31.21696,2016-08-11 13:15,121.45709,31.20896
820505,2267,36,2016-08-19 12:11,121.4559,31.2072,2016-08-19 12:30,121.4457,31.22294
503074,2267,946,2016-08-17 08:06,121.48212,31.31443,2016-08-17 08:21,121.50577,31.32176
1059797,2268,11911,2016-08-14 16:38,121.47293,31.2228,2016-08-14 17:07,121.46388,31.2181
811709,2275,4810,2016-08-05 19:13,121.4844,31.27412,2016-08-05 19:20,121.47708,31.27022
66118,2275,16032,2016-08-29 07:31,121.48492,31.27685,2016-08-29 07:37,121.47957,31.27223
513374,2286,9735,2016-08-13 09:37,121.57097,31.229,2016-08-13 09:50,121.56154,31.21271
832799,2291,1861,2016-08-11 17:26,121.44476,31.24078,2016-08-11 17:32,121.44864,31.23282
903404,2300,15188,2016-08-27 14:33,121.46345,31.20562,2016-08-27 14:42,121.4561,31.21162
1260543,2301,2414,2016-08-12 17:54,121.41606,31.12175,2016-08-12 18:03,121.40321,31.12736
1003736,2313,7107,2016-08-08 17:43,121.41804,31.16162,2016-08-08 17:48,121.41072,31.15568
247444,2314,14561,2016-08-21 18:33,121.48751,31.21588,2016-08-21 18:40,121.48435,31.22039
1048897,2320,9346,2016-08-12 08:45,121.4135,31.23028,2016-08-12 08:51,121.424,31.23639
388946,2320,7814,2016-08-04 08:34,121.41418,31.22816,2016-08-04 08:42,121.42367,31.23538
1040135,2321,7295,2016-08-04 20:33,121.47665,31.23328,2016-08-04 20:40,121.48682,31.23183
582749,2321,9327,2016-08-08 12:03,121.47624,31.23222,2016-08-08 12:10,121.48573,31.23004
392510,2331,14054,2016-08-20 13:47,121.49733,31.21098,2016-08-20 13:50,121.49376,31.2087
1147979,2333,42,2016-08-28 15:14,121.45993,31.15703,2016-08-28 15:19,121.45714,31.15482
251579,2334,13505,2016-08-18 09:51,121.48089,31.22578,2016-08-18 09:58,121.49198,31.22988
821200,2338,11461,2016-08-15 14:59,121.43377,31.20612,2016-08-15 15:06,121.43901,31.2123
1109328,2344,9785,2016-08-16 15:17,121.34823,31.28106,2016-08-16 15:40,121.33431,31.28848
292951,2345,6221,2016-08-01 09:31,121.48473,31.27587,2016-08-01 09:35,121.48964,31.27341
432069,2350,506,2016-08-19 08:15,121.33629,31.15843,2016-08-19 08:24,121.3523,31.16328
1025352,2359,11787,2016-08-16 13:52,121.60194,31.1995,2016-08-16 14:07,121.62227,31.19766
283536,2360,8998,2016-08-05 14:32,121.47852,31.21381,2016-08-05 14:57,121.47413,31.20037
1208042,2361,1254,2016-08-22 12:22,121.41582,31.17402,2016-08-22 12:26,121.41289,31.17006
928597,2365,1224,2016-08-31 11:41,121.48942,31.27048,2016-08-31 11:53,121.47824,31.26952
491913,2367,8588,2016-08-09 14:24,121.42374,31.1778,2016-08-09 14:35,121.43108,31.16815
859507,2369,2918,2016-08-09 19:22,121.49472,31.17761,2016-08-09 19:34,121.48456,31.17401
547361,2370,1232,2016-08-09 15:55,121.43938,31.33178,2016-08-09 16:01,121.43062,31.33276
331429,2371,12968,2016-08-31 07:51,121.44712,31.30598,2016-08-31 08:11,121.48448,31.3065
703202,2373,1209,2016-08-05 18:34,121.44988,31.22595,2016-08-05 18:52,121.43922,31.23
921022,2373,12218,2016-08-19 14:47,121.53833,31.31057,2016-08-19 14:52,121.53241,31.31266
443000,2373,9388,2016-08-18 15:28,121.53873,31.31271,2016-08-18 15:34,121.53126,31.3138
1710840,2381,6365,2016-08-31 20:20,121.2705,31.24128,2016-08-31 20:31,121.27786,31.22759
867744,2381,5908,2016-08-16 11:38,121.36741,31.15715,2016-08-16 12:00,121.39641,31.16452
1330784,2382,5252,2016-08-14 18:54,121.41644,31.21523,2016-08-14 19:22,121.43228,31.19515
1716594,2384,16217,2016-08-26 16:13,121.40916,31.22738,2016-08-26 16:39,121.43601,31.21071
389242,2386,8357,2016-08-04 08:39,121.47997,31.20393,2016-08-04 08:45,121.47109,31.21025
854989,2389,10924,2016-08-11 17:35,121.58142,31.2087,2016-08-11 17:38,121.58234,31.2101
1193577,2390,12583,2016-08-12 15:27,121.4694,31.21074,2016-08-12 15:37,121.47887,31.20368
1134942,2397,4820,2016-08-13 16:43,121.46037,31.22361,2016-08-13 16:57,121.44981,31.2208
1767067,2406,188,2016-08-24 19:34,121.4882,31.23382,2016-08-24 20:56,121.56041,31.25018
987230,2409,8366,2016-08-17 11:48,121.45457,31.21751,2016-08-17 11:54,121.45075,31.21235
29878,2411,338,2016-08-27 05:53,121.48944,31.32284,2016-08-27 06:01,121.48403,31.32002
1623219,2411,2835,2016-08-06 19:54,121.49783,31.34589,2016-08-06 20:14,121.48751,31.32038
654811,2412,15774,2016-08-25 15:50,121.47824,31.2654,2016-08-25 15:57,121.46905,31.26184
950079,2413,15430,2016-08-21 23:43,121.44336,31.21472,2016-08-22 00:08,121.44068,31.18855
89618,2413,2783,2016-08-14 00:18,121.44507,31.21271,2016-08-14 00:44,121.44129,31.18604
636932,2415,10251,2016-08-19 09:31,121.41044,31.23039,2016-08-19 09:38,121.4011,31.23554
1087276,2415,12760,2016-08-14 16:44,121.31106,31.24052,2016-08-14 16:49,121.31907,31.24116
237426,2416,11005,2016-08-18 09:26,121.49036,31.2343,2016-08-18 09:29,121.48613,31.23361
487935,2416,5261,2016-08-11 10:57,121.46791,31.22458,2016-08-11 11:16,121.47279,31.20597
1370157,2417,4577,2016-08-19 19:21,121.46422,31.23299,2016-08-19 19:31,121.45038,31.22437
105237,2420,919,2016-08-11 06:56,121.45713,31.19684,2016-08-11 07:00,121.46104,31.19351
1349730,2420,5988,2016-08-17 17:43,121.46335,31.19421,2016-08-17 17:49,121.45973,31.19409
352933,2422,9388,2016-08-29 10:55,121.4757,31.25737,2016-08-29 11:20,121.47762,31.2571
613496,2429,4062,2016-08-05 18:05,121.3488,31.17605,2016-08-05 18:11,121.35354,31.16407
180789,2429,10074,2016-08-10 08:38,121.35314,31.16473,2016-08-10 08:47,121.34954,31.17695
1194793,2429,10286,2016-08-14 17:49,121.49086,31.14479,2016-08-14 18:02,121.49569,31.1554
1664350,2432,9494,2016-08-06 23:11,121.42254,31.19582,2016-08-06 23:30,121.44364,31.21074
756349,2432,1113,2016-08-27 13:19,121.44694,31.21166,2016-08-27 13:38,121.46628,31.22695
403744,2432,5857,2016-08-14 09:41,121.42529,31.16763,2016-08-14 09:48,121.43466,31.17207
784181,2433,3438,2016-08-21 19:54,121.39804,31.22138,2016-08-21 20:09,121.40339,31.20813
750599,2434,6340,2016-08-04 17:05,121.44376,31.2247,2016-08-04 17:46,121.47673,31.20491
596967,2437,5503,2016-08-30 08:45,121.51812,31.29317,2016-08-30 08:57,121.51135,31.29808
921313,2437,12257,2016-08-19 14:57,121.51031,31.29726,2016-08-19 15:12,121.5188,31.29335
163864,2437,312,2016-08-09 08:43,121.51822,31.29239,2016-08-09 08:53,121.51008,31.29782
696911,2442,7636,2016-08-03 20:19,121.40859,31.18465,2016-08-03 20:45,121.34818,31.15883
1231879,2442,11751,2016-08-19 18:14,121.41243,31.19504,2016-08-19 18:42,121.43951,31.2237
292975,2444,7172,2016-08-01 09:33,121.47529,31.27039,2016-08-01 09:35,121.47886,31.26857
960005,2444,15397,2016-08-23 12:55,121.4893,31.20121,2016-08-23 13:05,121.48167,31.20306
1473945,2447,2936,2016-08-27 19:58,121.4466,31.30495,2016-08-27 20:03,121.44063,31.30325
840838,2450,7916,2016-08-01 18:29,121.46518,31.1949,2016-08-01 18:34,121.46887,31.19748
1695943,2451,15827,2016-08-28 22:05,121.35719,31.24493,2016-08-28 22:09,121.35963,31.24222
114015,2452,2911,2016-08-02 09:51,121.65403,31.26709,2016-08-02 10:06,121.6381,31.26348
327330,2452,5607,2016-08-09 11:08,121.48954,31.27651,2016-08-09 11:17,121.4865,31.281
1011546,2453,10953,2016-08-12 08:03,121.44441,31.24997,2016-08-12 08:17,121.44355,31.24779
48685,2453,2869,2016-08-08 02:05,121.44397,31.25146,2016-08-08 02:15,121.44005,31.24091
754434,2458,4670,2016-08-05 18:45,121.44552,31.22865,2016-08-05 18:51,121.43672,31.22953
180366,2458,7687,2016-08-10 08:32,121.43358,31.22939,2016-08-10 08:39,121.43135,31.22533
1158946,2460,12663,2016-08-23 17:08,121.44149,31.23471,2016-08-23 17:10,121.44346,31.23524
874687,2463,2347,2016-08-01 18:51,121.50841,31.3112,2016-08-01 19:06,121.52239,31.31781
1076956,2469,8087,2016-08-12 09:20,121.41632,31.18675,2016-08-12 09:30,121.42608,31.18264
576680,2469,5098,2016-08-10 18:41,121.42615,31.18221,2016-08-10 18:49,121.4162,31.18928
683527,2471,9448,2016-08-31 09:23,121.48846,31.23567,2016-08-31 09:47,121.47188,31.23542
954005,2476,9471,2016-08-13 14:38,121.37235,31.10401,2016-08-13 15:02,121.38327,31.09086
567907,2486,13893,2016-08-22 07:59,121.4086,31.20319,2016-08-22 08:03,121.40202,31.20659
1269291,2489,15955,2016-08-22 15:08,121.477,31.26059,2016-08-22 15:15,121.4831,31.25686
1441913,2492,12147,2016-08-14 19:53,121.45985,31.19238,2016-08-14 19:58,121.46289,31.19521
1116505,2497,12513,2016-08-14 17:05,121.42188,31.20526,2016-08-14 17:25,121.38853,31.21381
266704,2503,3026,2016-08-14 08:22,121.41233,31.14067,2016-08-14 08:27,121.40801,31.14311
1678228,2505,9737,2016-08-31 19:32,121.4161,31.27834,2016-08-31 20:27,121.42001,31.27667
741681,2509,11578,2016-08-17 09:05,121.53634,31.20735,2016-08-17 09:13,121.54526,31.21746
780744,2515,10056,2016-08-29 17:26,121.43765,31.27513,2016-08-29 17:37,121.42679,31.2681
739373,2515,7446,2016-08-30 09:36,121.43791,31.27576,2016-08-30 09:59,121.46217,31.27075
1007245,2515,2855,2016-08-29 20:16,121.42385,31.26827,2016-08-29 20:41,121.4373,31.27571
381784,2520,9506,2016-08-09 12:05,121.48132,31.23171,2016-08-09 12:10,121.4769,31.23417
910792,2521,10637,2016-08-15 16:40,121.50888,31.27541,2016-08-15 16:52,121.50538,31.27061
53648,2533,398,2016-08-28 08:13,121.36878,31.1679,2016-08-28 08:16,121.37134,31.16687
910097,2538,16168,2016-08-30 11:18,121.44378,31.29841,2016-08-30 11:24,121.4364,31.29459
426546,2541,4621,2016-08-10 16:46,121.47972,31.28925,2016-08-10 17:10,121.46863,31.28685
118602,2542,10870,2016-08-15 06:28,121.46275,31.27932,2016-08-15 06:34,121.452,31.27968
78866,2542,9604,2016-08-16 06:29,121.46441,31.28007,2016-08-16 06:36,121.45247,31.27983
71186,2542,6818,2016-08-10 06:31,121.46397,31.27935,2016-08-10 06:38,121.45376,31.2787
1285772,2542,2777,2016-08-30 15:46,121.4394,31.19568,2016-08-30 16:03,121.45975,31.19543
220499,2543,1722,2016-08-07 13:12,121.44106,31.18987,2016-08-07 13:26,121.4569,31.18689
1672476,2546,9980,2016-08-31 19:22,121.37467,31.1618,2016-08-31 19:36,121.38309,31.16526
345970,2551,6909,2016-08-03 15:33,121.4223,31.26706,2016-08-03 15:51,121.40869,31.28272
318799,2551,6909,2016-08-03 15:01,121.41119,31.28362,2016-08-03 15:18,121.42125,31.26705
1716425,2551,7776,2016-08-26 16:11,121.40963,31.28322,2016-08-26 16:21,121.41755,31.27405
581629,2551,7652,2016-08-01 16:13,121.40996,31.2825,2016-08-01 16:22,121.399,31.28073
1463910,2557,10270,2016-08-06 06:59,121.47075,31.21646,2016-08-06 07:02,121.47259,31.21831
1285920,2567,9499,2016-08-30 15:48,121.39963,31.26131,2016-08-30 15:59,121.38877,31.26233
937883,2572,4014,2016-08-25 18:58,121.42927,31.29974,2016-08-25 19:09,121.41329,31.30129
675770,2577,8603,2016-08-11 14:44,121.45435,31.22994,2016-08-11 14:57,121.44477,31.2392
1505696,2581,6228,2016-08-06 11:34,121.45977,31.19944,2016-08-06 11:42,121.46749,31.19738
187733,2593,13747,2016-08-20 09:30,121.46824,31.20054,2016-08-20 09:45,121.48457,31.21495
701991,2594,12040,2016-08-20 18:31,121.45433,31.21775,2016-08-20 18:43,121.44242,31.21838
1273854,2599,4389,2016-08-23 18:53,121.45454,31.2221,2016-08-23 19:37,121.45535,31.22495
266254,2600,2646,2016-08-01 09:20,121.47383,31.19993,2016-08-01 09:24,121.47336,31.19392
739107,2600,12750,2016-08-30 09:34,121.46567,31.19432,2016-08-30 09:38,121.47236,31.19302
1196630,2601,5658,2016-08-15 18:56,121.39145,31.19664,2016-08-15 19:04,121.40316,31.19497
904141,2603,9599,2016-08-09 19:54,121.44035,31.17998,2016-08-09 20:13,121.45491,31.18911
666664,2604,10219,2016-08-23 17:38,121.44146,31.21238,2016-08-23 17:48,121.44342,31.2225
101104,2606,7627,2016-08-03 08:51,121.50242,31.22075,2016-08-03 09:19,121.53296,31.21689
45170,2611,4421,2016-08-31 06:11,121.34184,31.1228,2016-08-31 06:21,121.36124,31.13045
430387,2621,8812,2016-08-04 08:58,121.49295,31.27953,2016-08-04 09:10,121.47997,31.27033
207846,2621,8226,2016-08-10 08:59,121.48906,31.27936,2016-08-10 09:11,121.47881,31.2704
136879,2622,3195,2016-08-25 07:37,121.34777,31.26682,2016-08-25 07:42,121.34885,31.27261
486887,2625,7815,2016-08-19 08:29,121.57123,31.15858,2016-08-19 08:39,121.55909,31.15527
102024,2628,6637,2016-08-01 07:39,121.41308,31.19946,2016-08-01 07:45,121.4205,31.19566
618168,2631,10618,2016-08-21 17:38,121.54077,31.23445,2016-08-21 17:57,121.57208,31.24662
1753205,2632,14761,2016-08-24 18:34,121.4459,31.13399,2016-08-24 18:53,121.40579,31.1276
1520536,2633,14896,2016-08-30 17:57,121.36282,31.12234,2016-08-30 18:00,121.36535,31.11813
75058,2637,7456,2016-08-08 06:41,121.48675,31.15978,2016-08-08 06:45,121.48057,31.15331
1569783,2641,12161,2016-08-17 20:08,121.40126,31.14475,2016-08-17 20:18,121.38584,31.14322
265826,2641,6976,2016-08-01 09:05,121.40034,31.14437,2016-08-01 09:16,121.39646,31.16236
1414264,2641,6786,2016-08-13 19:14,121.39106,31.14136,2016-08-13 19:28,121.40412,31.14252
1112111,2646,7718,2016-08-23 15:37,121.4806,31.19916,2016-08-23 15:42,121.48879,31.20115
1373800,2647,11788,2016-08-23 21:04,121.4677,31.29066,2016-08-23 21:16,121.45919,31.28484
1681032,2649,11894,2016-08-28 20:39,121.39695,31.17056,2016-08-28 20:46,121.39319,31.17679
1639780,2653,8823,2016-08-06 20:51,121.37898,31.24463,2016-08-06 20:55,121.37995,31.24282
1157932,2656,2468,2016-08-27 16:35,121.51865,31.20519,2016-08-27 16:42,121.52604,31.21078
1173028,2656,12206,2016-08-17 14:52,121.48849,31.23755,2016-08-17 15:01,121.49262,31.23282
869061,2657,533,2016-08-28 12:51,121.34414,31.2586,2016-08-28 13:10,121.36147,31.24496
1622094,2658,11185,2016-08-16 22:13,121.50572,31.1491,2016-08-16 22:26,121.48807,31.15105
1109282,2661,13487,2016-08-16 15:16,121.43398,31.17386,2016-08-16 15:29,121.44889,31.18896
45598,2661,7862,2016-08-03 08:08,121.47391,31.19673,2016-08-03 08:38,121.433,31.17406
423384,2661,14789,2016-08-23 08:20,121.47077,31.19784,2016-08-23 08:48,121.43248,31.17544
1276319,2662,3989,2016-08-22 15:12,121.47579,31.22368,2016-08-22 15:19,121.48146,31.22466
300407,2666,85,2016-08-09 10:43,121.44109,31.18479,2016-08-09 10:52,121.44773,31.18251
950724,2666,12088,2016-08-31 11:52,121.47661,31.21242,2016-08-31 12:16,121.48635,31.20814
1161336,2667,11204,2016-08-12 13:35,121.44382,31.23877,2016-08-12 13:42,121.45145,31.23525
1178117,2674,8928,2016-08-12 14:27,121.43794,31.19179,2016-08-12 14:38,121.4426,31.17897
1705460,2679,15739,2016-08-24 15:27,121.47543,31.20688,2016-08-24 15:38,121.4613,31.19686
984140,2679,14876,2016-08-19 15:46,121.46817,31.20559,2016-08-19 16:15,121.45748,31.19238
1062247,2683,8636,2016-08-05 22:14,121.41219,31.17901,2016-08-05 22:17,121.41507,31.17356
127782,2683,2907,2016-08-03 09:00,121.50537,31.32801,2016-08-03 09:04,121.50452,31.33406
363828,2690,9530,2016-08-30 07:58,121.45588,31.19752,2016-08-30 08:03,121.45278,31.20403
750536,2690,8725,2016-08-04 17:04,121.45254,31.20523,2016-08-04 17:15,121.45614,31.19029
1670291,2692,666,2016-08-27 23:23,121.42399,31.2372,2016-08-27 23:31,121.42747,31.22946
11385,2702,3623,2016-08-27 01:31,121.39273,31.18039,2016-08-27 01:57,121.4256,31.1632
559149,2702,161,2016-08-29 22:20,121.49954,31.2215,2016-08-29 23:18,121.42587,31.1639
1754685,2702,457,2016-08-24 18:39,121.49854,31.21683,2016-08-24 19:40,121.4271,31.16496
248180,2706,1341,2016-08-07 14:19,121.5368,31.29723,2016-08-07 14:23,121.53494,31.29216
873448,2710,11094,2016-08-18 21:25,121.43207,31.15107,2016-08-18 21:42,121.42986,31.13262
498009,2710,8739,2016-08-18 16:46,121.42447,31.13266,2016-08-18 17:03,121.43032,31.15087
265960,2714,3658,2016-08-01 09:10,121.45352,31.20712,2016-08-01 09:26,121.44529,31.19342
727506,2714,2691,2016-08-11 15:53,121.44521,31.20302,2016-08-11 16:04,121.44524,31.19263
346162,2714,8303,2016-08-03 15:48,121.44589,31.20352,2016-08-03 15:58,121.44518,31.19198
371084,2718,9652,2016-08-07 17:47,121.45537,31.22923,2016-08-07 18:30,121.45693,31.20916
1254720,2718,12282,2016-08-13 17:53,121.46672,31.18552,2016-08-13 18:56,121.4126,31.22619
1194221,2726,11948,2016-08-14 17:40,121.44547,31.20303,2016-08-14 18:04,121.44184,31.19472
686334,2726,11504,2016-08-14 12:18,121.45485,31.20762,2016-08-14 12:31,121.45694,31.20941
209439,2729,8423,2016-08-03 10:53,121.45174,31.20016,2016-08-03 11:05,121.46565,31.19141
1579899,2730,9658,2016-08-26 13:30,121.4699,31.21811,2016-08-26 13:39,121.47425,31.21464
1385776,2732,13114,2016-08-19 19:34,121.41048,31.28392,2016-08-19 19:38,121.40927,31.28817
1604673,2735,13883,2016-08-27 21:40,121.45649,31.18554,2016-08-27 21:48,121.45769,31.19172
570749,2739,6396,2016-08-15 10:32,121.44233,31.2077,2016-08-15 10:42,121.42906,31.20727
1667036,2742,17503,2016-08-31 19:15,121.46252,31.19404,2016-08-31 19:21,121.4664,31.19938
1416558,2742,7137,2016-08-28 17:34,121.46607,31.19993,2016-08-28 17:36,121.46531,31.20005
995270,2742,9735,2016-08-30 12:13,121.43942,31.27683,2016-08-30 12:17,121.44373,31.27922
1731975,2743,5811,2016-08-24 17:21,121.39213,31.14184,2016-08-24 17:34,121.38364,31.14598
609895,2744,3868,2016-08-14 11:31,121.47113,31.20904,2016-08-14 11:46,121.45178,31.2004
1425672,2751,12353,2016-08-24 18:47,121.43553,31.2226,2016-08-24 18:51,121.43328,31.21717
1475263,2759,11080,2016-08-24 19:24,121.43334,31.22094,2016-08-24 19:27,121.4285,31.21652
1469825,2764,149,2016-08-06 07:50,121.41806,31.1579,2016-08-06 07:58,121.41709,31.17084
357764,2781,2109,2016-08-07 17:37,121.48397,31.21559,2016-08-07 18:22,121.49743,31.21653
1615029,2795,1827,2016-08-30 18:56,121.41291,31.26276,2016-08-30 19:22,121.39256,31.25081
1673720,2799,16273,2016-08-28 20:17,121.45935,31.28909,2016-08-28 20:26,121.45278,31.28376
1542379,2799,368,2016-08-22 22:38,121.45195,31.28059,2016-08-22 22:48,121.45822,31.28719
1379094,2803,2813,2016-08-15 22:11,121.38319,31.27598,2016-08-15 22:19,121.38466,31.27907
1360387,2804,3870,2016-08-12 20:04,121.50987,31.33435,2016-08-12 20:44,121.47752,31.33835
594435,2810,13617,2016-08-18 17:55,121.42572,31.19739,2016-08-18 18:09,121.41483,31.20673
1171488,2810,10739,2016-08-19 17:48,121.42482,31.19648,2016-08-19 17:59,121.4141,31.20766
1100770,2827,8182,2016-08-29 21:35,121.31255,31.30791,2016-08-29 21:50,121.30215,31.29755
504026,2835,951,2016-08-29 13:26,121.43813,31.26062,2016-08-29 13:30,121.43522,31.26444
530231,2846,8421,2016-08-20 16:23,121.45264,31.23967,2016-08-20 16:46,121.43623,31.22592
540919,2848,8246,2016-08-08 10:58,121.47305,31.21343,2016-08-08 11:18,121.47784,31.22069
575610,2848,7902,2016-08-25 14:09,121.44653,31.22216,2016-08-25 14:27,121.45756,31.23009
266349,2848,5236,2016-08-01 09:22,121.45777,31.23048,2016-08-01 09:54,121.46013,31.23357
843513,2850,5349,2016-08-15 15:23,121.3965,31.30317,2016-08-15 15:28,121.40142,31.30679
109933,2850,539,2016-08-25 15:20,121.39622,31.30298,2016-08-25 15:26,121.40021,31.30703
891239,2851,16729,2016-08-29 19:08,121.42787,31.17575,2016-08-29 19:53,121.43321,31.17399
679299,2853,17610,2016-08-27 12:41,121.46391,31.19346,2016-08-27 12:56,121.44641,31.19967
459345,2855,8123,2016-08-19 08:19,121.53255,31.2603,2016-08-19 08:26,121.51792,31.2636
212394,2855,10045,2016-08-08 08:11,121.53397,31.26202,2016-08-08 08:21,121.51979,31.26488
1680353,2862,11947,2016-08-26 14:58,121.38768,31.21492,2016-08-26 15:06,121.39216,31.22267
1448619,2862,5249,2016-08-30 17:29,121.47249,31.27395,2016-08-30 17:48,121.49426,31.24786
129602,2863,1308,2016-08-22 11:07,121.58064,31.25735,2016-08-22 11:09,121.57706,31.2573
137347,2864,8007,2016-08-25 07:41,121.40517,31.14863,2016-08-25 07:47,121.41237,31.14194
875914,2866,8695,2016-08-08 16:46,121.48282,31.27608,2016-08-08 16:57,121.48677,31.27365
74250,2867,4153,2016-08-01 07:14,121.40278,31.22199,2016-08-01 07:22,121.40926,31.23073
672119,2873,8729,2016-08-18 18:35,121.56049,31.2407,2016-08-18 18:48,121.55416,31.2308
622775,2877,7079,2016-08-08 12:12,121.45211,31.27537,2016-08-08 12:29,121.44268,31.26389
775398,2877,5987,2016-08-01 18:08,121.45985,31.25897,2016-08-01 18:21,121.44107,31.26342
186273,2877,4335,2016-08-11 07:41,121.44221,31.2638,2016-08-11 07:44,121.44628,31.2618
810618,2877,10318,2016-08-11 17:13,121.45107,31.26975,2016-08-11 17:20,121.44356,31.26496
334489,2880,1257,2016-08-01 10:52,121.52411,31.308,2016-08-01 10:56,121.53061,31.30547
1665470,2891,8061,2016-08-27 23:10,121.38342,31.19241,2016-08-28 00:01,121.40844,31.20929
490551,2902,17452,2016-08-29 13:20,121.46462,31.20298,2016-08-29 13:30,121.46754,31.1992
524584,2903,7902,2016-08-02 19:12,121.44876,31.21385,2016-08-02 19:49,121.46173,31.20817
1215772,2903,643,2016-08-22 12:42,121.45938,31.21482,2016-08-22 12:52,121.44773,31.2125
569606,2903,14006,2016-08-19 08:54,121.46319,31.20831,2016-08-19 09:08,121.4462,31.21275
1168323,2903,701,2016-08-26 08:59,121.46404,31.20871,2016-08-26 09:17,121.44606,31.21329
1263819,2903,969,2016-08-11 21:57,121.4708,31.20751,2016-08-11 22:06,121.46181,31.20741
385993,2907,3466,2016-08-10 15:42,121.47484,31.20174,2016-08-10 15:50,121.46212,31.19726
1741050,2910,1597,2016-08-26 17:26,121.48026,31.26862,2016-08-26 17:32,121.48076,31.26408
1306008,2913,476,2016-08-24 09:48,121.51292,31.26138,2016-08-24 09:59,121.49642,31.26393
138701,2913,574,2016-08-07 09:54,121.50149,31.25967,2016-08-07 10:01,121.51105,31.26051
1643885,2915,6579,2016-08-06 21:00,121.53114,31.31212,2016-08-06 21:12,121.54097,31.32164
1765538,2915,12978,2016-08-24 19:27,121.53176,31.32104,2016-08-24 19:33,121.54003,31.32174
536250,2920,4042,2016-08-10 18:21,121.46717,31.22995,2016-08-10 18:45,121.4565,31.20767
